CustomerID,Age,EmploymentStatus,AnnualIncome,CreditScore,DebtToIncomeRatio,LoanAmount,LoanPurpose,LoanDuration,RepaymentHistory,ComplianceFlag,RiskLevel
1,56,Unemployed,42933.0,848,0.01,15304,Mortgage,15,1,Non-Compliant,Medium
2,69,Unemployed,66126.0,440,0.1,35341,Personal,30,0,Compliant,High
3,46,Unemployed,59481.0,487,0.27,9758,Personal,15,1,Non-Compliant,High
4,32,Employed,35318.0,427,0.27,22010,Personal,10,0,Compliant,Low
5,60,Unemployed,55278.0,500,0.41,36658,Personal,5,4,Compliant,High
6,25,Employed,51991.0,426,0.55,42782,Mortgage,30,0,Non-Compliant,Low
7,38,Self-Employed,75525.0,556,0.38,6375,Mortgage,15,1,Compliant,Medium
8,56,Unemployed,70747.0,846,0.57,38949,Education,20,3,Compliant,High
9,36,Employed,26993.0,493,0.53,27092,Personal,10,1,Non-Compliant,Low
10,40,Employed,62916.0,403,0.35,5490,Mortgage,5,2,Compliant,High
11,28,Unemployed,68977.0,834,0.5,8729,Mortgage,10,2,Non-Compliant,Low
12,28,Self-Employed,58390.0,564,0.39,10974,Mortgage,20,2,Compliant,Medium
13,41,Self-Employed,44968.0,683,0.05,24680,Personal,5,2,Non-Compliant,Low
14,53,Self-Employed,86200.0,559,0.44,23324,Education,20,4,Non-Compliant,High
15,57,Employed,59771.0,713,0.06,36334,Mortgage,10,3,Compliant,Low
16,41,Employed,79648.0,657,0.36,26398,Personal,15,3,Non-Compliant,High
17,20,Employed,70272.0,374,0.42,39650,Mortgage,10,1,Compliant,Medium
18,39,Employed,56962.0,654,0.04,26292,Mortgage,10,0,Compliant,Low
19,19,Self-Employed,41304.0,487,0.14,40755,Education,10,1,Non-Compliant,High
20,41,Unemployed,49638.0,589,0.55,43353,Mortgage,30,1,Compliant,High
21,61,Employed,46671.0,344,0.37,8159,Mortgage,20,1,Non-Compliant,High
22,47,Employed,31782.0,382,0.15,37626,Personal,20,1,Compliant,Low
23,55,Self-Employed,59754.0,422,0.41,34351,Personal,20,3,Compliant,Low
24,19,Unemployed,73510.0,657,0.36,42298,Education,30,0,Non-Compliant,Low
25,38,Unemployed,45525.0,827,0.3,22065,Personal,15,1,Compliant,Medium
26,50,Self-Employed,82454.0,365,0.59,26638,Personal,10,3,Compliant,High
27,29,Self-Employed,26636.0,674,0.41,6073,Education,15,1,Compliant,High
28,39,Unemployed,65815.0,461,0.23,23771,Mortgage,30,2,Compliant,Medium
29,61,Employed,75072.0,679,0.48,40461,Education,20,1,Compliant,Medium
30,42,Unemployed,46939.0,657,0.53,47330,Personal,10,1,Compliant,Low
31,66,Self-Employed,47209.0,487,0.08,34320,Education,5,4,Compliant,Low
32,44,Employed,65641.0,621,0.12,9340,Mortgage,5,2,Compliant,Low
33,59,Employed,57589.0,749,0.13,39924,Education,15,0,Non-Compliant,Low
34,45,Self-Employed,20038.0,773,0.41,21184,Personal,20,1,Compliant,Low
35,33,Self-Employed,37349.0,312,0.36,45734,Personal,5,0,Compliant,Low
36,32,Self-Employed,49796.0,483,0.37,7580,Education,15,2,Non-Compliant,Medium
37,64,Unemployed,29454.0,410,0.56,45025,Mortgage,30,1,Non-Compliant,Medium
38,68,Unemployed,42887.0,807,0.47,33967,Education,15,4,Non-Compliant,Medium
39,61,Employed,29829.0,589,0.08,7159,Mortgage,15,3,Compliant,High
40,69,Self-Employed,44447.0,594,0.21,18900,Mortgage,15,4,Non-Compliant,High
41,20,Employed,44950.0,750,0.26,16440,Education,10,4,Non-Compliant,Low
42,54,Employed,55276.0,514,0.24,19678,Mortgage,15,3,Compliant,Medium
43,68,Employed,48623.0,326,0.4,17021,Personal,15,3,Compliant,High
44,24,Employed,57541.0,530,0.54,11772,Education,10,3,Non-Compliant,High
45,38,Self-Employed,55753.0,620,0.18,6627,Mortgage,10,1,Non-Compliant,Medium
46,26,Employed,65470.0,532,0.33,49432,Personal,30,0,Compliant,High
47,56,Self-Employed,63106.0,736,0.47,13219,Education,20,0,Compliant,High
48,35,Self-Employed,61521.0,832,0.25,28464,Personal,5,3,Compliant,Medium
49,21,Unemployed,96573.0,702,0.1,35232,Personal,5,4,Compliant,High
50,42,Self-Employed,55211.0,352,0.28,47481,Personal,15,2,Compliant,Medium
51,31,Unemployed,88903.0,612,0.03,13488,Mortgage,30,3,Non-Compliant,High
52,67,Self-Employed,56183.0,580,0.57,39949,Education,15,4,Compliant,Medium
53,26,Self-Employed,48757.0,330,0.04,49362,Education,5,4,Compliant,High
54,43,Self-Employed,44402.0,636,0.26,44932,Mortgage,10,1,Compliant,High
55,19,Unemployed,72645.0,482,0.32,23981,Education,20,1,Compliant,Medium
56,37,Unemployed,74607.0,322,0.59,5901,Personal,30,0,Compliant,High
57,45,Employed,58996.0,843,0.1,27444,Education,10,0,Non-Compliant,Medium
58,64,Unemployed,67003.0,745,0.07,47058,Mortgage,20,2,Compliant,Medium
59,24,Unemployed,30841.0,373,0.01,23061,Personal,30,2,Non-Compliant,High
60,61,Unemployed,26768.0,309,0.09,7881,Mortgage,30,2,Compliant,Low
61,25,Unemployed,68694.0,783,0.12,34863,Personal,5,2,Non-Compliant,High
62,64,Employed,48097.0,755,0.38,10622,Personal,10,4,Non-Compliant,Low
63,52,Unemployed,61239.0,459,0.13,6378,Education,30,4,Compliant,Low
64,31,Self-Employed,39240.0,313,0.01,22632,Personal,30,0,Compliant,High
65,34,Self-Employed,74854.0,477,0.5,33311,Mortgage,20,1,Compliant,Low
66,53,Unemployed,26893.0,711,0.22,10650,Education,5,1,Compliant,Medium
67,67,Unemployed,29216.0,352,0.21,47224,Mortgage,15,3,Compliant,Medium
68,57,Self-Employed,71664.0,707,0.18,12036,Personal,5,4,Non-Compliant,Low
69,21,Self-Employed,10852.0,321,0.59,44255,Mortgage,15,2,Compliant,Medium
70,19,Employed,55678.0,329,0.1,27499,Mortgage,10,2,Compliant,High
71,23,Self-Employed,48390.0,559,0.54,42016,Personal,10,3,Non-Compliant,Medium
72,59,Self-Employed,38960.0,504,0.47,9603,Education,30,1,Compliant,Low
73,21,Unemployed,47000.0,358,0.05,32773,Mortgage,10,2,Non-Compliant,High
74,46,Self-Employed,37287.0,770,0.59,24937,Personal,30,1,Compliant,Medium
75,35,Employed,73133.0,765,0.16,17632,Education,5,3,Non-Compliant,High
76,43,Self-Employed,77067.0,311,0.06,35607,Education,10,1,Compliant,Low
77,61,Unemployed,39713.0,589,0.5,31337,Education,5,1,Non-Compliant,Medium
78,51,Unemployed,54132.0,653,0.42,5220,Mortgage,5,1,Non-Compliant,High
79,27,Self-Employed,30123.0,374,0.37,9818,Mortgage,10,2,Compliant,High
80,53,Unemployed,66095.0,740,0.09,12349,Mortgage,5,0,Compliant,Medium
81,31,Employed,65705.0,540,0.29,10618,Education,10,4,Compliant,High
82,48,Employed,45571.0,453,0.47,32464,Mortgage,10,1,Non-Compliant,High
83,65,Self-Employed,50253.0,395,0.18,47624,Personal,10,1,Non-Compliant,Low
84,32,Self-Employed,48593.0,593,0.19,42344,Mortgage,15,1,Non-Compliant,Low
85,25,Self-Employed,25723.0,508,0.0,23255,Mortgage,5,0,Compliant,Low
86,31,Unemployed,73190.0,642,0.1,29299,Education,20,3,Compliant,Low
87,40,Employed,38495.0,387,0.53,6462,Mortgage,10,2,Non-Compliant,Low
88,57,Employed,38597.0,689,0.27,20905,Personal,5,0,Compliant,Low
89,38,Unemployed,47743.0,624,0.59,29920,Education,30,1,Non-Compliant,Medium
90,33,Employed,64933.0,456,0.24,21252,Personal,10,0,Compliant,Low
91,62,Self-Employed,41130.0,436,0.43,46004,Education,10,0,Compliant,High
92,35,Self-Employed,20717.0,727,0.17,45581,Education,20,0,Non-Compliant,Medium
93,64,Self-Employed,36695.0,751,0.22,39836,Mortgage,15,3,Compliant,High
94,41,Employed,56362.0,440,0.11,10753,Personal,15,4,Compliant,Low
95,43,Self-Employed,82846.0,382,0.21,45005,Education,10,2,Compliant,Low
96,42,Unemployed,31101.0,476,0.33,19175,Mortgage,5,3,Compliant,High
97,62,Unemployed,30552.0,497,0.6,11191,Education,30,3,Compliant,High
98,58,Employed,27311.0,720,0.4,22898,Education,30,4,Non-Compliant,High
99,46,Unemployed,25449.0,700,0.12,23982,Education,5,3,Compliant,Medium
100,32,Unemployed,68085.0,770,0.03,19622,Education,10,0,Non-Compliant,Low
101,62,Employed,72420.0,517,0.08,6001,Education,30,0,Compliant,High
102,18,Self-Employed,52666.0,474,0.34,48000,Education,15,1,Compliant,Low
103,42,Self-Employed,42984.0,322,0.46,28283,Mortgage,5,3,Non-Compliant,High
104,24,Self-Employed,76867.0,534,0.56,26435,Education,20,1,Non-Compliant,Low
105,26,Employed,52608.0,312,0.01,32223,Personal,10,2,Compliant,Medium
106,41,Unemployed,66341.0,400,0.31,42244,Mortgage,5,0,Compliant,Low
107,18,Self-Employed,42253.0,835,0.28,35024,Personal,30,2,Non-Compliant,High
108,61,Self-Employed,50663.0,822,0.39,35734,Education,10,4,Non-Compliant,Low
109,25,Employed,31439.0,751,0.34,5515,Personal,15,0,Non-Compliant,Medium
110,41,Self-Employed,59438.0,730,0.41,6191,Education,10,2,Non-Compliant,Medium
111,28,Employed,52864.0,832,0.39,37264,Education,10,4,Compliant,Low
112,68,Unemployed,36581.0,592,0.07,48628,Mortgage,15,2,Compliant,High
113,34,Employed,36783.0,400,0.48,11297,Mortgage,15,4,Compliant,Medium
114,25,Employed,74239.0,801,0.07,32856,Education,10,4,Compliant,Medium
115,52,Employed,79575.0,603,0.42,13334,Mortgage,15,0,Compliant,Low
116,52,Employed,46802.0,839,0.25,29162,Personal,5,1,Non-Compliant,Medium
117,50,Unemployed,51016.0,654,0.31,11008,Mortgage,15,4,Non-Compliant,Medium
118,22,Unemployed,56001.0,602,0.54,12987,Mortgage,15,4,Non-Compliant,High
119,59,Self-Employed,52220.0,795,0.53,35966,Personal,10,0,Compliant,High
120,56,Unemployed,24885.0,526,0.49,8332,Mortgage,5,1,Non-Compliant,High
121,58,Unemployed,56418.0,535,0.31,5787,Education,20,3,Compliant,Low
122,45,Self-Employed,18681.0,754,0.44,43990,Personal,20,3,Compliant,Medium
123,24,Unemployed,39009.0,312,0.31,14873,Education,30,1,Compliant,Low
124,26,Employed,57581.0,509,0.52,22006,Personal,15,2,Non-Compliant,Medium
125,25,Employed,58999.0,696,0.24,25225,Education,15,0,Compliant,Medium
126,29,Self-Employed,37848.0,399,0.58,41444,Education,5,1,Compliant,Medium
127,51,Self-Employed,43123.0,330,0.56,40340,Mortgage,20,3,Non-Compliant,High
128,50,Self-Employed,41092.0,827,0.44,44683,Education,30,4,Compliant,Low
129,65,Employed,48457.0,628,0.17,10033,Mortgage,5,3,Non-Compliant,Low
130,40,Unemployed,49598.0,465,0.08,12788,Personal,15,4,Compliant,Medium
131,41,Employed,60027.0,758,0.51,20689,Education,20,0,Non-Compliant,Low
132,54,Self-Employed,42246.0,399,0.1,49220,Education,30,4,Compliant,High
133,52,Unemployed,55600.0,472,0.51,26598,Personal,10,1,Compliant,Low
134,61,Unemployed,57605.0,461,0.29,42480,Personal,20,4,Non-Compliant,Medium
135,57,Employed,52974.0,562,0.24,34703,Education,30,2,Compliant,High
136,39,Self-Employed,46105.0,573,0.54,5066,Personal,5,1,Non-Compliant,High
137,44,Employed,52709.0,302,0.36,12533,Mortgage,10,0,Compliant,Medium
138,52,Unemployed,61276.0,327,0.35,20103,Personal,30,1,Non-Compliant,Low
139,18,Employed,62587.0,625,0.34,9616,Personal,30,2,Compliant,Medium
140,52,Employed,77230.0,448,0.22,43498,Education,15,0,Compliant,Low
141,54,Self-Employed,35149.0,839,0.47,48492,Mortgage,20,3,Compliant,Low
142,64,Self-Employed,43399.0,787,0.15,16772,Personal,15,2,Non-Compliant,High
143,31,Unemployed,25797.0,737,0.56,28849,Mortgage,10,0,Non-Compliant,Medium
144,20,Employed,63965.0,364,0.54,17940,Mortgage,30,4,Non-Compliant,High
145,18,Employed,44982.0,655,0.2,21932,Mortgage,15,1,Non-Compliant,Medium
146,22,Employed,53092.0,832,0.44,34769,Education,20,0,Non-Compliant,Medium
147,43,Unemployed,40934.0,551,0.34,29648,Personal,10,1,Compliant,High
148,31,Unemployed,45099.0,534,0.2,37966,Education,5,4,Compliant,Medium
149,56,Self-Employed,68347.0,526,0.59,32777,Personal,15,0,Compliant,Medium
150,44,Self-Employed,60413.0,824,0.02,37567,Personal,10,3,Compliant,Low
151,26,Self-Employed,48327.0,612,0.15,22174,Education,5,2,Compliant,Medium
152,32,Employed,61517.0,348,0.31,47598,Mortgage,15,0,Non-Compliant,Medium
153,32,Employed,61848.0,417,0.31,18798,Mortgage,10,4,Compliant,High
154,43,Self-Employed,44128.0,353,0.35,22558,Personal,10,0,Non-Compliant,High
155,59,Employed,27963.0,343,0.45,49237,Education,15,1,Compliant,Medium
156,30,Self-Employed,36512.0,352,0.37,5178,Mortgage,10,0,Non-Compliant,Low
157,68,Unemployed,29892.0,824,0.36,25470,Mortgage,30,3,Non-Compliant,Low
158,49,Self-Employed,67466.0,401,0.03,22118,Personal,15,0,Non-Compliant,High
159,56,Unemployed,70071.0,697,0.23,27616,Personal,10,2,Compliant,Medium
160,66,Employed,73795.0,437,0.14,5798,Education,5,0,Compliant,Medium
161,69,Self-Employed,19706.0,686,0.16,12601,Personal,5,1,Compliant,Low
162,49,Employed,66071.0,410,0.33,30363,Mortgage,30,0,Compliant,Low
163,21,Unemployed,83182.0,316,0.12,7795,Mortgage,15,3,Non-Compliant,Low
164,47,Unemployed,66679.0,481,0.18,36926,Mortgage,10,4,Non-Compliant,High
165,54,Unemployed,17731.0,835,0.14,42356,Mortgage,10,0,Non-Compliant,Medium
166,40,Employed,76524.0,840,0.57,12297,Education,5,0,Non-Compliant,High
167,56,Employed,50625.0,470,0.57,8084,Education,30,2,Compliant,Medium
168,62,Employed,46514.0,708,0.37,35329,Personal,5,3,Non-Compliant,High
169,32,Employed,56766.0,677,0.55,16110,Personal,5,4,Compliant,Medium
170,60,Unemployed,34264.0,487,0.47,5731,Personal,30,1,Non-Compliant,Low
171,46,Unemployed,50041.0,529,0.35,6129,Education,15,0,Non-Compliant,Low
172,53,Self-Employed,74306.0,418,0.0,33022,Mortgage,10,4,Non-Compliant,Low
173,30,Self-Employed,59335.0,455,0.46,6605,Personal,15,1,Compliant,High
174,49,Employed,50876.0,764,0.42,16970,Mortgage,20,3,Compliant,Low
175,24,Unemployed,51344.0,403,0.37,48705,Personal,20,3,Non-Compliant,Medium
176,68,Unemployed,32279.0,801,0.46,49130,Personal,20,4,Non-Compliant,High
177,39,Unemployed,47750.0,474,0.31,34265,Personal,30,1,Non-Compliant,Medium
178,45,Self-Employed,25485.0,720,0.42,37330,Personal,5,3,Compliant,High
179,19,Self-Employed,65336.0,433,0.56,7933,Personal,15,4,Compliant,Medium
180,59,Unemployed,17214.0,690,0.23,20187,Mortgage,10,3,Compliant,Medium
181,62,Unemployed,62823.0,800,0.42,30791,Personal,20,3,Non-Compliant,High
182,23,Unemployed,64691.0,332,0.29,29900,Mortgage,15,3,Compliant,High
183,45,Self-Employed,69781.0,354,0.4,10074,Education,20,2,Non-Compliant,Low
184,45,Unemployed,51302.0,818,0.46,31426,Personal,20,1,Compliant,Low
185,61,Unemployed,63749.0,311,0.03,44867,Mortgage,10,4,Non-Compliant,Medium
186,61,Employed,47603.0,827,0.39,5893,Education,30,4,Non-Compliant,Medium
187,37,Employed,32199.0,672,0.14,39158,Education,5,1,Compliant,Medium
188,47,Self-Employed,72960.0,783,0.4,24773,Education,30,1,Non-Compliant,High
189,28,Unemployed,48546.0,527,0.28,9239,Mortgage,15,1,Non-Compliant,High
190,45,Unemployed,28857.0,606,0.46,25863,Personal,30,1,Non-Compliant,Low
191,42,Employed,42997.0,756,0.07,8432,Personal,15,0,Compliant,Medium
192,56,Self-Employed,43590.0,459,0.38,40139,Mortgage,15,4,Non-Compliant,Low
193,50,Employed,56925.0,630,0.17,6515,Personal,5,0,Compliant,High
194,18,Employed,85205.0,524,0.51,36670,Mortgage,10,3,Compliant,High
195,44,Employed,57836.0,803,0.56,44094,Personal,5,3,Non-Compliant,High
196,69,Employed,53102.0,755,0.6,19605,Education,30,4,Compliant,Low
197,30,Unemployed,86836.0,344,0.48,10586,Personal,15,3,Non-Compliant,High
198,58,Unemployed,64683.0,513,0.45,40685,Mortgage,20,1,Compliant,Medium
199,20,Employed,53813.0,358,0.13,36186,Mortgage,20,0,Non-Compliant,Low
200,56,Self-Employed,42808.0,494,0.2,31928,Education,15,1,Compliant,High
201,23,Self-Employed,54743.0,788,0.28,37728,Mortgage,5,3,Non-Compliant,Low
202,25,Self-Employed,49004.0,456,0.46,22551,Personal,10,0,Non-Compliant,Low
203,44,Self-Employed,51371.0,525,0.55,26493,Personal,5,1,Non-Compliant,High
204,26,Employed,69716.0,711,0.11,25711,Education,15,4,Non-Compliant,High
205,54,Unemployed,41895.0,504,0.55,25039,Mortgage,15,1,Compliant,Low
206,50,Self-Employed,57703.0,378,0.42,41561,Education,10,3,Compliant,Low
207,68,Employed,64234.0,423,0.37,14947,Personal,30,0,Non-Compliant,High
208,59,Self-Employed,40068.0,770,0.12,37335,Education,30,4,Compliant,Medium
209,61,Self-Employed,37660.0,517,0.03,20859,Mortgage,10,0,Non-Compliant,Low
210,41,Employed,47744.0,815,0.34,28122,Education,30,4,Non-Compliant,Low
211,32,Unemployed,43075.0,403,0.39,6577,Mortgage,20,0,Compliant,Medium
212,49,Unemployed,67284.0,692,0.13,47256,Mortgage,30,3,Compliant,High
213,49,Employed,34973.0,733,0.33,33350,Personal,30,4,Non-Compliant,High
214,41,Unemployed,51027.0,630,0.51,46932,Personal,30,2,Compliant,Medium
215,58,Employed,88190.0,442,0.5,38798,Personal,20,0,Non-Compliant,High
216,69,Employed,56195.0,839,0.56,36898,Mortgage,30,0,Compliant,High
217,66,Employed,58689.0,577,0.22,20881,Education,20,1,Compliant,Low
218,66,Unemployed,67410.0,532,0.19,15785,Mortgage,10,4,Compliant,Low
219,69,Employed,43055.0,828,0.45,11691,Personal,5,2,Compliant,Low
220,29,Self-Employed,33778.0,389,0.26,22297,Personal,10,3,Compliant,Medium
221,56,Unemployed,52647.0,791,0.05,11358,Education,5,1,Non-Compliant,High
222,19,Unemployed,53981.0,498,0.17,24581,Personal,10,2,Compliant,High
223,20,Unemployed,25726.0,661,0.25,6462,Personal,5,4,Compliant,Low
224,66,Unemployed,55626.0,740,0.18,20511,Personal,5,2,Non-Compliant,Low
225,54,Self-Employed,66047.0,325,0.2,15570,Education,15,0,Non-Compliant,Medium
226,66,Unemployed,36305.0,324,0.18,49414,Mortgage,5,0,Non-Compliant,High
227,34,Unemployed,56533.0,693,0.02,20474,Personal,5,1,Compliant,Medium
228,66,Employed,63383.0,806,0.38,12037,Education,15,4,Compliant,High
229,19,Unemployed,58800.0,600,0.36,33129,Personal,30,4,Non-Compliant,Medium
230,19,Self-Employed,60215.0,638,0.39,47267,Education,30,2,Non-Compliant,Low
231,45,Self-Employed,46327.0,566,0.12,18386,Personal,15,1,Non-Compliant,Medium
232,40,Self-Employed,33087.0,760,0.18,11221,Education,20,4,Non-Compliant,Medium
233,54,Self-Employed,43292.0,755,0.37,28474,Personal,5,0,Compliant,Low
234,49,Unemployed,41209.0,659,0.36,45537,Mortgage,5,2,Compliant,High
235,50,Unemployed,48796.0,367,0.3,26045,Personal,15,3,Compliant,High
236,18,Self-Employed,66399.0,711,0.21,30783,Education,15,0,Compliant,Low
237,36,Self-Employed,30322.0,790,0.55,45157,Personal,20,1,Compliant,Medium
238,19,Unemployed,52163.0,348,0.2,9922,Mortgage,30,4,Non-Compliant,Medium
239,61,Self-Employed,34048.0,401,0.27,27706,Personal,10,0,Compliant,Medium
240,43,Employed,38899.0,515,0.41,47771,Education,30,3,Non-Compliant,High
241,49,Self-Employed,58381.0,737,0.33,37479,Education,5,3,Non-Compliant,Medium
242,23,Self-Employed,32150.0,458,0.21,10178,Mortgage,15,1,Non-Compliant,High
243,49,Employed,61013.0,788,0.26,35022,Education,20,0,Compliant,Medium
244,21,Employed,29717.0,541,0.48,20240,Personal,30,2,Non-Compliant,Low
245,28,Unemployed,60004.0,304,0.17,31220,Personal,20,0,Compliant,Low
246,34,Unemployed,26757.0,660,0.09,41736,Personal,30,3,Non-Compliant,High
247,55,Employed,40732.0,758,0.19,7716,Education,5,1,Compliant,High
248,41,Employed,78447.0,547,0.51,21574,Personal,10,1,Non-Compliant,Low
249,22,Unemployed,75628.0,721,0.05,22719,Personal,20,2,Compliant,Low
250,69,Self-Employed,43812.0,314,0.6,13181,Personal,20,1,Non-Compliant,Medium
251,51,Employed,55849.0,421,0.32,49066,Mortgage,10,1,Non-Compliant,Low
252,23,Unemployed,68061.0,576,0.59,25213,Education,20,1,Non-Compliant,High
253,39,Self-Employed,60219.0,752,0.56,11380,Education,20,1,Non-Compliant,Low
254,28,Employed,45898.0,689,0.27,5615,Education,30,1,Compliant,High
255,65,Self-Employed,38770.0,593,0.12,5463,Mortgage,30,3,Compliant,High
256,33,Unemployed,63021.0,745,0.1,36973,Education,10,0,Compliant,Medium
257,50,Employed,66960.0,509,0.14,14158,Mortgage,5,4,Non-Compliant,Medium
258,26,Self-Employed,75735.0,601,0.43,25651,Mortgage,20,1,Non-Compliant,Medium
259,23,Employed,24691.0,522,0.16,8158,Education,5,4,Non-Compliant,Medium
260,33,Self-Employed,31203.0,302,0.2,25008,Personal,10,4,Non-Compliant,Low
261,46,Unemployed,67428.0,817,0.27,9938,Personal,10,3,Non-Compliant,Medium
262,20,Unemployed,26727.0,392,0.55,43185,Education,30,1,Non-Compliant,Low
263,37,Employed,68578.0,819,0.11,27388,Education,20,4,Compliant,Medium
264,53,Self-Employed,46776.0,727,0.0,13881,Mortgage,15,1,Compliant,Medium
265,36,Employed,42186.0,792,0.04,10603,Education,10,2,Compliant,High
266,43,Employed,53081.0,534,0.54,39980,Mortgage,20,2,Compliant,Low
267,20,Self-Employed,29819.0,460,0.39,27504,Education,5,2,Compliant,High
268,36,Self-Employed,62360.0,630,0.16,21766,Personal,30,4,Compliant,Medium
269,37,Self-Employed,75344.0,632,0.11,33386,Personal,5,2,Compliant,Low
270,49,Unemployed,63058.0,349,0.18,16695,Education,10,3,Compliant,Medium
271,24,Employed,46302.0,822,0.07,22796,Mortgage,10,3,Non-Compliant,High
272,69,Employed,26929.0,791,0.56,47543,Personal,5,4,Non-Compliant,Low
273,58,Unemployed,27506.0,571,0.47,19559,Mortgage,10,1,Non-Compliant,High
274,50,Self-Employed,30055.0,551,0.28,43914,Education,20,0,Non-Compliant,Medium
275,57,Unemployed,49815.0,389,0.52,38139,Education,10,1,Non-Compliant,Medium
276,56,Unemployed,51701.0,745,0.15,43333,Personal,30,1,Non-Compliant,Medium
277,35,Unemployed,63026.0,631,0.43,13802,Education,20,1,Non-Compliant,Low
278,57,Employed,23059.0,438,0.51,13307,Personal,15,1,Compliant,High
279,18,Unemployed,69668.0,656,0.21,45205,Mortgage,10,0,Compliant,High
280,28,Employed,60416.0,573,0.45,38214,Personal,10,2,Non-Compliant,Medium
281,45,Employed,45097.0,318,0.18,39159,Personal,30,1,Compliant,High
282,42,Employed,32153.0,610,0.18,16516,Mortgage,30,3,Compliant,Low
283,67,Self-Employed,68737.0,453,0.06,34086,Personal,5,4,Compliant,Medium
284,40,Employed,45498.0,689,0.26,35480,Personal,5,4,Compliant,Medium
285,48,Employed,49699.0,559,0.44,49659,Education,5,3,Compliant,Medium
286,47,Self-Employed,55754.0,424,0.56,43737,Mortgage,30,1,Non-Compliant,Low
287,59,Employed,36302.0,653,0.36,14265,Personal,5,0,Compliant,Medium
288,52,Unemployed,45767.0,572,0.52,10454,Mortgage,5,2,Non-Compliant,Medium
289,24,Unemployed,62979.0,544,0.49,40918,Mortgage,15,4,Non-Compliant,Medium
290,33,Employed,61461.0,749,0.1,31181,Personal,5,2,Non-Compliant,Medium
291,43,Self-Employed,61596.0,546,0.29,20386,Education,10,0,Compliant,High
292,65,Unemployed,32672.0,819,0.07,44182,Mortgage,30,4,Non-Compliant,Medium
293,69,Self-Employed,46451.0,440,0.41,42425,Personal,20,2,Non-Compliant,Low
294,66,Self-Employed,44054.0,661,0.57,48254,Mortgage,15,0,Non-Compliant,Medium
295,19,Unemployed,56377.0,307,0.08,29327,Education,30,2,Non-Compliant,Medium
296,18,Self-Employed,55034.0,777,0.44,26181,Education,30,1,Compliant,High
297,65,Unemployed,52331.0,651,0.38,26452,Education,10,0,Non-Compliant,Medium
298,29,Self-Employed,86986.0,794,0.35,43248,Personal,5,2,Non-Compliant,High
299,22,Unemployed,45637.0,726,0.23,45801,Personal,10,1,Non-Compliant,Low
300,54,Employed,43882.0,338,0.21,38751,Education,5,1,Non-Compliant,High
301,49,Unemployed,32648.0,486,0.03,26991,Personal,5,0,Compliant,Medium
302,26,Unemployed,26932.0,392,0.13,46311,Education,30,3,Non-Compliant,Low
303,58,Unemployed,31695.0,385,0.01,14916,Personal,5,4,Non-Compliant,Medium
304,52,Unemployed,39219.0,343,0.35,15143,Education,15,0,Non-Compliant,High
305,36,Self-Employed,69651.0,436,0.06,30855,Mortgage,15,1,Non-Compliant,Low
306,65,Employed,50587.0,720,0.52,20581,Education,15,1,Non-Compliant,Low
307,33,Unemployed,52899.0,373,0.31,6907,Education,30,0,Non-Compliant,High
308,20,Self-Employed,48555.0,847,0.42,34424,Personal,10,3,Compliant,High
309,37,Employed,55479.0,811,0.25,28308,Personal,20,4,Non-Compliant,Low
310,41,Employed,71031.0,455,0.34,46984,Personal,5,2,Compliant,Low
311,50,Employed,20091.0,554,0.57,46505,Personal,20,0,Compliant,High
312,41,Employed,68275.0,470,0.05,41942,Personal,10,4,Non-Compliant,Medium
313,69,Unemployed,12274.0,469,0.15,31957,Personal,10,4,Compliant,Low
314,28,Unemployed,50423.0,621,0.47,30464,Mortgage,30,1,Non-Compliant,High
315,66,Self-Employed,82878.0,755,0.06,28649,Education,15,2,Compliant,Medium
316,25,Self-Employed,60209.0,454,0.05,47065,Education,15,0,Non-Compliant,Low
317,53,Self-Employed,55595.0,648,0.22,32125,Education,10,1,Compliant,Low
318,55,Employed,80029.0,750,0.06,39758,Mortgage,30,1,Compliant,High
319,57,Employed,39454.0,472,0.35,10596,Education,30,3,Non-Compliant,Medium
320,37,Unemployed,56509.0,309,0.14,21374,Mortgage,5,4,Compliant,Low
321,52,Employed,58671.0,564,0.54,8775,Mortgage,15,0,Compliant,Medium
322,65,Employed,42163.0,737,0.47,32388,Mortgage,10,0,Compliant,Medium
323,42,Employed,43488.0,546,0.42,26029,Education,20,0,Compliant,Low
324,52,Self-Employed,41843.0,845,0.37,23445,Mortgage,15,1,Compliant,Medium
325,42,Self-Employed,51309.0,798,0.52,19645,Education,5,3,Non-Compliant,Low
326,46,Unemployed,58200.0,428,0.13,36105,Education,30,2,Compliant,Medium
327,35,Employed,51848.0,626,0.52,18668,Personal,10,1,Compliant,Low
328,63,Employed,60641.0,703,0.47,20960,Personal,15,2,Non-Compliant,High
329,35,Unemployed,20462.0,658,0.45,16357,Mortgage,20,3,Non-Compliant,Low
330,19,Employed,46726.0,316,0.34,42203,Mortgage,5,4,Non-Compliant,Low
331,52,Employed,34648.0,573,0.15,20804,Education,5,0,Compliant,Low
332,33,Self-Employed,54525.0,415,0.25,19626,Mortgage,15,2,Compliant,Medium
333,58,Unemployed,54303.0,390,0.48,33132,Mortgage,20,1,Compliant,High
334,53,Unemployed,48265.0,381,0.02,12951,Education,5,2,Compliant,Medium
335,50,Unemployed,57654.0,623,0.47,11449,Mortgage,10,4,Non-Compliant,Medium
336,21,Unemployed,64967.0,413,0.14,24065,Mortgage,5,0,Non-Compliant,Low
337,50,Self-Employed,49092.0,357,0.09,40967,Education,20,2,Compliant,Medium
338,31,Self-Employed,34224.0,453,0.07,44536,Education,30,4,Compliant,Low
339,38,Employed,26281.0,703,0.02,14130,Personal,30,1,Compliant,High
340,65,Employed,50541.0,565,0.31,28824,Education,15,3,Compliant,Medium
341,37,Employed,53628.0,614,0.13,46401,Personal,20,1,Non-Compliant,Medium
342,25,Employed,35457.0,340,0.59,41993,Mortgage,5,0,Non-Compliant,Medium
343,24,Self-Employed,60886.0,404,0.34,36875,Education,5,1,Compliant,Low
344,20,Unemployed,43115.0,492,0.08,11054,Education,30,1,Non-Compliant,Low
345,34,Self-Employed,25153.0,700,0.41,39273,Education,30,1,Compliant,Medium
346,50,Employed,68846.0,577,0.54,46821,Mortgage,10,1,Compliant,Medium
347,65,Self-Employed,67159.0,653,0.45,15832,Personal,30,0,Non-Compliant,High
348,29,Unemployed,19766.0,555,0.05,34670,Mortgage,10,4,Compliant,High
349,68,Unemployed,41560.0,398,0.54,27852,Mortgage,5,2,Non-Compliant,High
350,39,Self-Employed,40976.0,581,0.48,28620,Education,10,3,Compliant,High
351,39,Self-Employed,74592.0,702,0.09,33307,Personal,10,2,Non-Compliant,High
352,63,Self-Employed,48510.0,408,0.03,6551,Mortgage,15,2,Compliant,Low
353,47,Employed,27561.0,498,0.33,32812,Education,30,3,Non-Compliant,High
354,55,Self-Employed,63231.0,602,0.09,18799,Mortgage,10,0,Compliant,High
355,55,Self-Employed,31538.0,626,0.5,31312,Mortgage,5,3,Compliant,Medium
356,62,Self-Employed,46094.0,453,0.22,44620,Education,20,0,Non-Compliant,Low
357,68,Unemployed,38453.0,704,0.55,6449,Education,10,2,Compliant,High
358,25,Unemployed,41593.0,761,0.34,29426,Personal,30,0,Non-Compliant,High
359,44,Employed,64058.0,431,0.11,40427,Mortgage,15,4,Non-Compliant,High
360,44,Employed,72819.0,383,0.08,45277,Education,5,3,Compliant,Medium
361,51,Unemployed,30884.0,698,0.35,36551,Education,15,4,Compliant,Medium
362,38,Unemployed,59391.0,408,0.46,29277,Personal,20,2,Compliant,Medium
363,47,Unemployed,39008.0,520,0.47,40489,Personal,10,3,Compliant,High
364,50,Self-Employed,39474.0,667,0.17,14637,Education,10,2,Non-Compliant,Medium
365,45,Self-Employed,57359.0,446,0.12,48258,Personal,30,4,Compliant,High
366,64,Unemployed,34581.0,411,0.01,40693,Education,10,2,Compliant,Low
367,50,Self-Employed,57059.0,793,0.41,14824,Mortgage,5,3,Compliant,High
368,22,Self-Employed,60951.0,804,0.05,31950,Personal,20,3,Non-Compliant,Medium
369,65,Employed,43512.0,774,0.25,28488,Mortgage,15,2,Compliant,Low
370,36,Unemployed,69906.0,570,0.36,44008,Mortgage,20,3,Non-Compliant,High
371,21,Unemployed,30907.0,720,0.56,5215,Mortgage,10,3,Compliant,Low
372,52,Self-Employed,70181.0,666,0.19,45067,Education,15,2,Non-Compliant,Low
373,66,Unemployed,20840.0,579,0.15,16523,Mortgage,30,4,Compliant,Low
374,34,Employed,90495.0,582,0.39,15364,Mortgage,20,3,Compliant,High
375,61,Employed,43906.0,339,0.37,8153,Mortgage,15,3,Non-Compliant,Medium
376,45,Employed,32565.0,488,0.2,28834,Education,15,3,Compliant,High
377,47,Unemployed,46509.0,463,0.56,39474,Mortgage,15,3,Compliant,Medium
378,46,Unemployed,34302.0,835,0.51,48066,Mortgage,5,2,Compliant,High
379,63,Unemployed,55804.0,835,0.13,39335,Personal,20,4,Non-Compliant,High
380,23,Unemployed,70514.0,303,0.14,15400,Education,15,4,Compliant,High
381,52,Unemployed,35098.0,589,0.31,15345,Mortgage,20,0,Non-Compliant,Medium
382,58,Employed,58690.0,732,0.46,38896,Personal,15,3,Non-Compliant,High
383,54,Self-Employed,27008.0,770,0.03,24894,Education,30,3,Non-Compliant,Low
384,41,Employed,65494.0,480,0.42,33899,Education,30,0,Compliant,High
385,46,Unemployed,56243.0,547,0.39,45635,Education,30,4,Non-Compliant,Low
386,66,Employed,66142.0,578,0.14,33229,Education,10,1,Non-Compliant,Medium
387,63,Unemployed,48164.0,553,0.41,10583,Education,15,1,Compliant,Medium
388,48,Unemployed,43472.0,480,0.56,9897,Education,10,4,Non-Compliant,High
389,52,Employed,62241.0,808,0.03,11001,Mortgage,20,3,Non-Compliant,High
390,50,Unemployed,30379.0,625,0.19,48881,Mortgage,10,1,Compliant,High
391,69,Self-Employed,23857.0,656,0.26,9567,Mortgage,20,2,Compliant,Low
392,38,Unemployed,49925.0,690,0.54,14271,Mortgage,20,2,Non-Compliant,Medium
393,49,Self-Employed,44156.0,384,0.58,16703,Personal,20,0,Compliant,Low
394,40,Self-Employed,58307.0,616,0.27,18329,Mortgage,10,4,Compliant,Low
395,50,Unemployed,66373.0,511,0.45,40509,Education,15,4,Compliant,High
396,20,Employed,57995.0,814,0.32,11256,Mortgage,10,1,Non-Compliant,High
397,35,Self-Employed,65178.0,683,0.32,5228,Mortgage,15,3,Non-Compliant,Low
398,42,Employed,54815.0,641,0.17,29746,Education,15,4,Compliant,Low
399,59,Self-Employed,57418.0,337,0.13,21678,Mortgage,20,1,Non-Compliant,High
400,48,Unemployed,48250.0,810,0.17,42052,Mortgage,10,1,Compliant,High
401,20,Unemployed,56975.0,719,0.33,28185,Mortgage,15,4,Compliant,Low
402,57,Self-Employed,52499.0,468,0.02,38686,Personal,30,1,Compliant,High
403,63,Unemployed,54877.0,642,0.54,16445,Mortgage,15,0,Compliant,High
404,41,Self-Employed,47499.0,605,0.09,38266,Education,30,0,Compliant,Low
405,67,Unemployed,62133.0,841,0.13,7809,Education,10,4,Non-Compliant,Low
406,49,Employed,39343.0,836,0.31,42729,Mortgage,10,3,Non-Compliant,Medium
407,64,Unemployed,49724.0,411,0.43,46785,Mortgage,10,0,Non-Compliant,Low
408,39,Employed,69676.0,710,0.06,41547,Mortgage,15,0,Non-Compliant,High
409,40,Unemployed,35769.0,505,0.19,47818,Education,5,4,Compliant,Low
410,19,Employed,17572.0,484,0.58,39886,Education,15,2,Compliant,Low
411,44,Unemployed,55496.0,681,0.16,11391,Personal,15,1,Non-Compliant,Low
412,59,Employed,46145.0,795,0.19,5145,Personal,20,0,Non-Compliant,Medium
413,19,Self-Employed,65162.0,678,0.5,18929,Personal,20,2,Compliant,Medium
414,43,Self-Employed,48042.0,346,0.03,29326,Education,15,3,Compliant,High
415,34,Employed,40934.0,827,0.28,34991,Personal,30,2,Compliant,Medium
416,57,Unemployed,48862.0,803,0.23,42333,Mortgage,20,4,Non-Compliant,Low
417,50,Employed,66396.0,321,0.19,21576,Mortgage,15,3,Compliant,Medium
418,26,Unemployed,58630.0,512,0.17,44405,Education,5,3,Compliant,Low
419,60,Self-Employed,13491.0,609,0.05,33464,Personal,30,2,Non-Compliant,Medium
420,65,Unemployed,52786.0,571,0.19,13243,Mortgage,10,4,Non-Compliant,Medium
421,56,Self-Employed,53536.0,501,0.03,36601,Education,15,0,Non-Compliant,Medium
422,46,Unemployed,49726.0,331,0.47,7410,Personal,15,2,Compliant,Low
423,59,Unemployed,40836.0,742,0.24,6820,Mortgage,30,0,Compliant,Medium
424,43,Unemployed,67917.0,461,0.27,40289,Personal,20,2,Non-Compliant,Low
425,52,Employed,68660.0,553,0.54,43650,Education,20,0,Compliant,Low
426,67,Employed,16952.0,820,0.39,39635,Personal,20,2,Compliant,High
427,42,Self-Employed,38030.0,779,0.0,12465,Education,10,3,Compliant,Medium
428,41,Self-Employed,47829.0,309,0.57,37439,Personal,30,1,Non-Compliant,High
429,30,Employed,64227.0,804,0.14,32314,Mortgage,30,3,Non-Compliant,High
430,24,Self-Employed,50522.0,735,0.06,49229,Education,20,0,Compliant,Low
431,53,Employed,39746.0,410,0.46,24583,Education,20,4,Compliant,Medium
432,62,Unemployed,60643.0,452,0.3,32155,Education,5,3,Compliant,Low
433,37,Self-Employed,46829.0,401,0.26,43871,Personal,5,1,Compliant,Low
434,18,Self-Employed,48238.0,490,0.15,17197,Personal,15,0,Non-Compliant,Medium
435,25,Employed,49592.0,380,0.33,34511,Mortgage,15,3,Non-Compliant,Low
436,63,Self-Employed,58614.0,788,0.16,20424,Education,30,2,Compliant,Medium
437,33,Self-Employed,45371.0,387,0.54,5240,Education,30,4,Compliant,Medium
438,31,Unemployed,60304.0,493,0.13,9631,Personal,10,0,Non-Compliant,Low
439,29,Self-Employed,48903.0,403,0.53,14599,Personal,10,3,Compliant,Low
440,68,Unemployed,33994.0,395,0.34,49462,Mortgage,5,0,Non-Compliant,High
441,40,Employed,49448.0,722,0.5,29658,Mortgage,15,2,Compliant,Low
442,32,Self-Employed,34771.0,497,0.43,42845,Personal,5,1,Non-Compliant,Medium
443,45,Unemployed,50614.0,300,0.42,37574,Education,5,3,Compliant,High
444,51,Employed,62442.0,706,0.19,41536,Mortgage,15,0,Compliant,Medium
445,19,Self-Employed,33895.0,677,0.14,46910,Personal,10,0,Non-Compliant,High
446,49,Employed,55464.0,466,0.13,12995,Personal,15,0,Non-Compliant,Low
447,40,Self-Employed,37564.0,808,0.51,30186,Education,20,1,Compliant,Low
448,39,Employed,53025.0,612,0.49,34245,Personal,20,0,Compliant,Low
449,68,Employed,62903.0,717,0.26,27813,Personal,20,4,Non-Compliant,Medium
450,42,Unemployed,18057.0,776,0.08,18276,Mortgage,30,4,Non-Compliant,High
451,39,Employed,33282.0,372,0.23,24989,Personal,10,0,Compliant,Medium
452,39,Self-Employed,44465.0,440,0.37,17746,Personal,10,4,Compliant,High
453,66,Self-Employed,54725.0,561,0.27,49243,Mortgage,30,3,Non-Compliant,Low
454,69,Unemployed,47504.0,639,0.47,23557,Education,5,4,Non-Compliant,Medium
455,59,Self-Employed,49311.0,607,0.6,33060,Education,20,0,Non-Compliant,Low
456,23,Self-Employed,80644.0,544,0.11,11568,Mortgage,20,2,Non-Compliant,Medium
457,32,Self-Employed,31813.0,814,0.28,40369,Mortgage,5,3,Non-Compliant,Low
458,60,Employed,67032.0,636,0.26,24041,Education,15,1,Compliant,Medium
459,54,Employed,44750.0,375,0.18,11080,Education,15,0,Compliant,Medium
460,50,Self-Employed,58242.0,474,0.12,18854,Education,10,1,Non-Compliant,High
461,25,Unemployed,81934.0,408,0.04,7159,Education,30,2,Compliant,Low
462,61,Employed,60330.0,482,0.53,32025,Education,10,1,Compliant,High
463,61,Unemployed,55587.0,491,0.25,46081,Mortgage,15,0,Non-Compliant,High
464,22,Self-Employed,73986.0,364,0.3,9368,Personal,5,0,Compliant,Low
465,56,Self-Employed,66871.0,773,0.55,39085,Education,10,2,Compliant,Medium
466,21,Employed,38009.0,399,0.47,32094,Education,20,0,Compliant,High
467,23,Self-Employed,54417.0,843,0.08,6230,Personal,20,2,Non-Compliant,Low
468,62,Employed,24237.0,427,0.34,22517,Personal,5,2,Non-Compliant,Medium
469,49,Self-Employed,41897.0,751,0.27,28991,Personal,15,0,Compliant,High
470,69,Self-Employed,54710.0,668,0.48,6301,Personal,20,4,Compliant,High
471,47,Employed,40968.0,342,0.43,33610,Personal,20,2,Compliant,High
472,64,Employed,54100.0,718,0.41,20927,Personal,30,0,Compliant,Medium
473,52,Employed,49799.0,787,0.2,39678,Mortgage,10,4,Compliant,High
474,57,Self-Employed,58046.0,377,0.48,29466,Personal,15,2,Compliant,Medium
475,69,Self-Employed,43637.0,569,0.03,19904,Personal,10,4,Non-Compliant,High
476,33,Unemployed,35897.0,614,0.1,45875,Mortgage,15,3,Compliant,Low
477,30,Employed,72171.0,467,0.2,31081,Personal,20,3,Compliant,High
478,67,Self-Employed,42564.0,638,0.05,29354,Education,30,4,Non-Compliant,Low
479,59,Self-Employed,59900.0,492,0.14,32761,Education,10,2,Compliant,Low
480,47,Employed,71528.0,752,0.5,23300,Personal,20,0,Compliant,Low
481,36,Unemployed,52440.0,582,0.57,34491,Mortgage,15,1,Compliant,Medium
482,34,Employed,37155.0,635,0.18,40525,Education,10,0,Compliant,Low
483,36,Unemployed,47320.0,689,0.16,31532,Mortgage,10,1,Non-Compliant,High
484,45,Self-Employed,65263.0,824,0.17,11464,Education,20,1,Compliant,Medium
485,43,Unemployed,53093.0,539,0.17,21562,Personal,10,2,Non-Compliant,Low
486,54,Self-Employed,31922.0,782,0.02,46856,Mortgage,30,4,Compliant,Medium
487,43,Employed,58949.0,757,0.56,47511,Mortgage,30,0,Compliant,Medium
488,40,Employed,61542.0,388,0.13,13683,Mortgage,20,4,Non-Compliant,Medium
489,26,Employed,44670.0,394,0.25,37634,Education,15,3,Compliant,High
490,29,Unemployed,59153.0,751,0.01,5060,Education,20,2,Non-Compliant,Low
491,18,Self-Employed,53675.0,727,0.51,14269,Education,30,2,Non-Compliant,Medium
492,18,Employed,47038.0,450,0.44,28065,Personal,5,3,Non-Compliant,Medium
493,64,Employed,30596.0,813,0.57,7895,Education,5,0,Compliant,Medium
494,51,Self-Employed,66169.0,675,0.47,20323,Personal,10,3,Compliant,Low
495,49,Employed,61388.0,321,0.19,17352,Mortgage,10,0,Compliant,Medium
496,65,Self-Employed,58758.0,612,0.15,49643,Mortgage,5,1,Compliant,Medium
497,42,Self-Employed,73167.0,818,0.42,43591,Personal,30,2,Non-Compliant,High
498,57,Self-Employed,64177.0,505,0.22,35890,Education,10,0,Compliant,Low
499,62,Self-Employed,60298.0,674,0.34,37016,Personal,20,4,Compliant,High
500,18,Self-Employed,16801.0,750,0.0,16962,Mortgage,20,4,Non-Compliant,Low
501,33,Unemployed,67953.0,478,0.04,38302,Mortgage,30,2,Non-Compliant,Low
502,56,Employed,51246.0,509,0.32,24846,Personal,10,3,Compliant,Low
503,22,Unemployed,54687.0,799,0.34,9011,Education,20,3,Non-Compliant,High
504,39,Employed,54789.0,763,0.45,24782,Education,10,0,Non-Compliant,High
505,46,Unemployed,61607.0,423,0.08,7155,Personal,10,3,Non-Compliant,High
506,20,Self-Employed,66832.0,412,0.31,44725,Personal,20,2,Non-Compliant,High
507,29,Employed,59513.0,311,0.12,14196,Education,5,0,Non-Compliant,Medium
508,43,Employed,57129.0,425,0.06,48459,Mortgage,20,1,Compliant,Medium
509,33,Unemployed,53472.0,630,0.25,26709,Personal,30,3,Compliant,Medium
510,68,Unemployed,50466.7037037037,582,0.1,18327,Education,15,3,Compliant,Low
511,54,Employed,45686.0,439,0.13,40474,Education,20,0,Compliant,Medium
512,39,Unemployed,35876.0,700,0.19,37769,Mortgage,10,4,Compliant,Low
513,46,Unemployed,68161.0,396,0.16,46993,Mortgage,10,3,Compliant,High
514,31,Unemployed,59285.0,816,0.05,29700,Mortgage,20,2,Compliant,Low
515,45,Self-Employed,43127.0,368,0.05,19820,Mortgage,15,3,Non-Compliant,Low
516,22,Self-Employed,44634.0,417,0.12,15891,Mortgage,20,1,Compliant,Medium
517,64,Unemployed,44090.0,358,0.03,39629,Personal,15,3,Compliant,High
518,66,Unemployed,43822.0,332,0.38,10269,Education,15,4,Compliant,High
519,47,Self-Employed,28331.0,617,0.17,48880,Personal,30,3,Non-Compliant,Medium
520,63,Self-Employed,25080.0,349,0.17,13320,Personal,10,0,Compliant,High
521,69,Employed,50435.0,788,0.2,15740,Personal,10,3,Compliant,High
522,22,Employed,66129.0,318,0.4,40897,Personal,15,4,Non-Compliant,High
523,29,Self-Employed,41934.0,496,0.52,35930,Personal,10,0,Compliant,Medium
524,33,Unemployed,54551.0,749,0.46,22285,Mortgage,5,2,Compliant,High
525,43,Unemployed,61013.0,751,0.44,19380,Mortgage,15,0,Non-Compliant,Low
526,43,Unemployed,35099.0,588,0.29,16360,Education,10,1,Compliant,Low
527,65,Unemployed,49700.0,440,0.42,10398,Personal,5,0,Non-Compliant,High
528,38,Employed,40002.0,383,0.33,10529,Education,30,2,Compliant,Medium
529,56,Self-Employed,74091.0,690,0.13,34062,Mortgage,10,3,Compliant,Medium
530,53,Unemployed,73436.0,514,0.13,41686,Mortgage,5,0,Compliant,Medium
531,50,Employed,35114.0,825,0.18,22451,Mortgage,20,0,Non-Compliant,High
532,47,Unemployed,55788.0,514,0.55,11937,Personal,20,0,Non-Compliant,High
533,54,Self-Employed,66013.0,702,0.33,44886,Personal,5,0,Non-Compliant,Low
534,40,Employed,62724.0,427,0.44,15860,Mortgage,15,2,Compliant,Medium
535,27,Self-Employed,51223.0,776,0.21,30142,Education,15,4,Compliant,Low
536,22,Self-Employed,69598.0,703,0.24,30279,Education,10,4,Non-Compliant,Low
537,53,Employed,36432.0,328,0.08,43106,Mortgage,20,0,Non-Compliant,Medium
538,51,Employed,45453.0,637,0.1,40908,Education,15,2,Compliant,High
539,69,Employed,36835.0,660,0.5,45764,Mortgage,15,2,Compliant,High
540,48,Employed,61737.0,691,0.35,19201,Education,20,0,Compliant,Low
541,27,Employed,41260.0,517,0.2,45544,Mortgage,30,1,Compliant,Low
542,36,Employed,47431.0,501,0.48,42711,Education,15,0,Non-Compliant,Low
543,49,Employed,59265.0,316,0.15,13997,Personal,5,1,Compliant,Low
544,18,Unemployed,60473.0,621,0.59,45566,Mortgage,10,0,Compliant,Medium
545,22,Self-Employed,36393.0,817,0.21,25175,Mortgage,15,1,Compliant,Low
546,62,Employed,65849.0,624,0.2,45860,Education,15,1,Compliant,Low
547,21,Unemployed,56835.0,711,0.19,8225,Mortgage,30,0,Compliant,High
548,33,Unemployed,33774.0,617,0.07,49578,Mortgage,5,1,Compliant,High
549,41,Unemployed,30084.0,381,0.07,40228,Mortgage,10,3,Compliant,High
550,33,Self-Employed,49762.0,773,0.39,46505,Personal,15,4,Non-Compliant,Medium
551,19,Employed,62751.0,767,0.53,28110,Personal,10,2,Non-Compliant,Medium
552,66,Unemployed,63135.0,724,0.47,15754,Education,20,1,Non-Compliant,High
553,45,Self-Employed,55342.0,503,0.08,31655,Personal,15,1,Compliant,High
554,49,Self-Employed,50730.0,686,0.33,48601,Education,15,2,Non-Compliant,Low
555,44,Self-Employed,57676.0,397,0.06,8114,Personal,20,1,Compliant,Low
556,37,Unemployed,37170.0,644,0.03,31502,Education,30,2,Compliant,Medium
557,41,Employed,75304.0,507,0.39,25028,Personal,15,0,Compliant,Medium
558,29,Unemployed,75109.0,813,0.32,22587,Personal,10,3,Compliant,Low
559,67,Unemployed,56432.0,465,0.05,47719,Education,5,3,Non-Compliant,High
560,52,Employed,52959.0,321,0.02,40333,Mortgage,10,4,Compliant,Low
561,50,Employed,43828.0,453,0.59,8174,Mortgage,30,1,Compliant,Medium
562,50,Employed,57931.0,738,0.02,40398,Personal,5,4,Non-Compliant,Medium
563,68,Self-Employed,39630.0,594,0.27,40929,Education,10,0,Non-Compliant,Low
564,60,Employed,16645.0,518,0.3,9321,Mortgage,10,3,Non-Compliant,Low
565,54,Unemployed,9288.0,794,0.07,35435,Education,20,0,Compliant,Low
566,29,Employed,38007.0,529,0.1,12099,Mortgage,30,0,Non-Compliant,Medium
567,20,Unemployed,52345.0,319,0.21,28760,Education,20,1,Compliant,High
568,18,Self-Employed,54979.0,447,0.46,16360,Personal,5,0,Compliant,Low
569,50,Unemployed,42698.0,407,0.3,15313,Education,20,3,Non-Compliant,Medium
570,57,Unemployed,52127.0,702,0.38,25462,Mortgage,30,4,Non-Compliant,Medium
571,27,Employed,45886.0,782,0.59,10801,Personal,15,3,Non-Compliant,Medium
572,60,Employed,35010.0,666,0.46,19130,Education,15,1,Compliant,Low
573,61,Unemployed,49193.0,713,0.26,19271,Mortgage,5,3,Compliant,Low
574,46,Employed,62194.0,608,0.27,21075,Personal,15,2,Compliant,High
575,30,Self-Employed,35689.0,433,0.37,41919,Education,20,4,Compliant,Medium
576,29,Self-Employed,35695.0,582,0.4,46679,Mortgage,5,2,Compliant,Low
577,48,Employed,33961.0,372,0.3,23984,Education,30,2,Compliant,Medium
578,63,Self-Employed,20952.0,780,0.39,27559,Education,5,1,Non-Compliant,Medium
579,19,Employed,42796.0,651,0.01,17861,Personal,5,0,Compliant,High
580,68,Unemployed,60711.0,625,0.26,38434,Personal,10,2,Non-Compliant,Low
581,67,Unemployed,52608.0,742,0.17,21667,Mortgage,10,3,Non-Compliant,Low
582,52,Self-Employed,47461.0,399,0.08,10840,Personal,5,0,Non-Compliant,Medium
583,40,Employed,51935.0,358,0.06,8565,Mortgage,15,3,Non-Compliant,Medium
584,34,Employed,42665.0,807,0.36,48194,Education,10,3,Non-Compliant,High
585,43,Self-Employed,20781.0,557,0.31,25977,Education,30,0,Compliant,High
586,25,Unemployed,61755.0,712,0.15,26118,Mortgage,20,0,Compliant,High
587,46,Self-Employed,66066.0,751,0.28,27641,Education,10,3,Compliant,High
588,43,Unemployed,39077.0,364,0.3,12366,Personal,5,1,Compliant,High
589,27,Employed,47737.0,453,0.12,31636,Education,15,4,Non-Compliant,High
590,43,Unemployed,46445.0,565,0.39,20630,Personal,20,4,Non-Compliant,Medium
591,51,Self-Employed,55269.0,378,0.47,25056,Mortgage,10,1,Non-Compliant,High
592,68,Employed,75348.0,614,0.47,12382,Mortgage,15,0,Compliant,Medium
593,58,Self-Employed,67396.0,547,0.36,21149,Education,15,3,Compliant,Medium
594,24,Self-Employed,44346.0,713,0.31,5992,Education,15,4,Compliant,Low
595,21,Unemployed,58136.0,324,0.04,11858,Personal,5,3,Compliant,Medium
596,67,Self-Employed,68815.0,583,0.17,7121,Personal,30,1,Non-Compliant,Medium
597,62,Unemployed,56125.0,748,0.06,32160,Education,15,3,Non-Compliant,High
598,28,Employed,49929.0,600,0.58,25906,Education,20,1,Compliant,Medium
599,46,Unemployed,56690.0,367,0.08,24572,Mortgage,10,0,Compliant,High
600,53,Employed,39450.0,306,0.09,9136,Mortgage,20,1,Non-Compliant,High
601,42,Unemployed,41640.0,436,0.53,21727,Mortgage,5,1,Non-Compliant,High
602,38,Self-Employed,34039.0,463,0.57,37167,Education,5,4,Non-Compliant,Low
603,53,Unemployed,54605.0,382,0.46,20479,Education,20,3,Non-Compliant,High
604,27,Unemployed,48028.0,719,0.0,36376,Education,30,4,Compliant,Medium
605,54,Employed,37653.0,372,0.0,9823,Mortgage,5,2,Non-Compliant,High
606,26,Self-Employed,47537.0,536,0.23,9920,Education,5,1,Non-Compliant,High
607,41,Unemployed,57049.0,345,0.09,24585,Personal,20,2,Non-Compliant,High
608,52,Self-Employed,78720.0,561,0.01,43239,Education,5,4,Non-Compliant,Low
609,66,Unemployed,65181.0,475,0.28,22272,Education,30,3,Compliant,Medium
610,52,Unemployed,15737.0,465,0.57,31619,Education,30,4,Compliant,Low
611,65,Self-Employed,53589.0,669,0.19,14533,Education,30,3,Compliant,Medium
612,53,Unemployed,71439.0,353,0.4,44895,Education,10,3,Compliant,Low
613,35,Self-Employed,29931.0,718,0.39,8720,Personal,30,0,Compliant,Medium
614,66,Unemployed,58273.0,806,0.15,24267,Personal,30,1,Compliant,Low
615,56,Employed,46450.0,640,0.39,20696,Education,10,4,Non-Compliant,High
616,49,Self-Employed,67254.0,426,0.13,34968,Mortgage,15,3,Non-Compliant,Low
617,41,Unemployed,56063.0,708,0.07,28345,Education,5,4,Non-Compliant,Low
618,40,Unemployed,36739.0,666,0.42,30693,Education,30,4,Non-Compliant,High
619,49,Employed,46987.0,570,0.07,24385,Education,5,3,Compliant,High
620,54,Self-Employed,47874.0,678,0.6,23122,Mortgage,20,2,Non-Compliant,Medium
621,29,Unemployed,48152.0,372,0.11,6364,Mortgage,5,1,Compliant,Medium
622,66,Employed,66788.0,547,0.36,7708,Mortgage,10,1,Non-Compliant,Medium
623,30,Unemployed,37360.0,342,0.25,17982,Personal,5,0,Non-Compliant,Low
624,40,Self-Employed,65045.0,676,0.08,22308,Mortgage,5,0,Non-Compliant,Medium
625,42,Unemployed,45466.0,340,0.02,37919,Personal,5,0,Compliant,Low
626,52,Unemployed,53352.0,469,0.37,30161,Personal,15,1,Non-Compliant,Low
627,58,Unemployed,51085.0,511,0.48,40089,Mortgage,15,2,Compliant,Medium
628,47,Unemployed,49672.0,792,0.51,18865,Mortgage,20,1,Compliant,Medium
629,34,Employed,49795.0,338,0.29,5495,Mortgage,10,1,Non-Compliant,Low
630,66,Employed,71860.0,668,0.47,49755,Personal,5,1,Compliant,High
631,37,Self-Employed,62636.0,450,0.4,7148,Education,5,1,Compliant,High
632,65,Employed,44559.0,410,0.43,38324,Mortgage,5,2,Non-Compliant,Low
633,42,Employed,73741.0,779,0.3,18393,Mortgage,5,0,Non-Compliant,Medium
634,39,Self-Employed,54120.0,735,0.38,6552,Mortgage,15,4,Non-Compliant,Low
635,30,Employed,55364.0,346,0.48,40853,Personal,20,0,Non-Compliant,Low
636,36,Employed,37440.0,665,0.24,37924,Personal,30,0,Non-Compliant,Medium
637,66,Self-Employed,42537.0,368,0.48,13926,Education,10,4,Non-Compliant,High
638,53,Self-Employed,39672.0,598,0.36,35851,Mortgage,5,1,Compliant,Low
639,29,Self-Employed,51291.0,595,0.1,28889,Personal,20,2,Non-Compliant,High
640,58,Unemployed,59581.0,502,0.01,44930,Education,30,2,Non-Compliant,High
641,36,Unemployed,55508.0,360,0.22,13055,Mortgage,20,0,Compliant,Medium
642,29,Self-Employed,73820.0,613,0.33,9654,Personal,15,4,Non-Compliant,Low
643,26,Self-Employed,36683.0,460,0.5,27634,Mortgage,30,3,Compliant,Low
644,24,Self-Employed,51723.0,630,0.08,37363,Mortgage,20,1,Non-Compliant,High
645,45,Unemployed,30755.0,827,0.48,16468,Personal,15,0,Non-Compliant,High
646,31,Unemployed,36171.0,637,0.52,37922,Personal,20,2,Compliant,Medium
647,48,Employed,68968.0,603,0.09,45718,Personal,20,4,Non-Compliant,High
648,69,Employed,43052.0,802,0.51,22380,Mortgage,30,4,Compliant,Medium
649,36,Self-Employed,37949.0,637,0.59,31870,Mortgage,15,0,Non-Compliant,Low
650,64,Unemployed,18050.0,849,0.44,42394,Education,5,3,Non-Compliant,Medium
651,33,Unemployed,37799.0,574,0.47,19259,Mortgage,10,2,Compliant,High
652,22,Unemployed,46920.0,463,0.6,19873,Personal,30,0,Non-Compliant,Low
653,52,Self-Employed,29638.0,742,0.36,18016,Mortgage,15,3,Non-Compliant,Medium
654,29,Employed,46058.0,618,0.18,47137,Education,20,4,Compliant,Low
655,42,Self-Employed,69059.0,803,0.5,5153,Education,15,1,Non-Compliant,Medium
656,69,Employed,39390.0,686,0.37,12853,Personal,10,2,Compliant,High
657,38,Employed,35849.0,793,0.35,17379,Personal,10,2,Non-Compliant,High
658,53,Self-Employed,33141.0,789,0.15,20792,Education,5,3,Compliant,Low
659,40,Employed,32873.0,372,0.45,43367,Education,5,0,Non-Compliant,Low
660,33,Employed,58033.0,808,0.05,23100,Education,10,4,Compliant,Low
661,56,Unemployed,50730.0,689,0.55,16049,Personal,30,3,Compliant,Medium
662,62,Employed,64352.0,594,0.2,5786,Education,30,1,Non-Compliant,High
663,59,Self-Employed,80297.0,668,0.08,9368,Education,20,1,Non-Compliant,Low
664,56,Self-Employed,22544.0,848,0.27,35699,Personal,5,1,Compliant,Low
665,31,Employed,55701.0,486,0.03,42040,Mortgage,20,3,Non-Compliant,Low
666,48,Unemployed,33220.0,744,0.41,32454,Mortgage,5,4,Compliant,Medium
667,22,Unemployed,61833.0,662,0.54,43762,Education,10,2,Non-Compliant,Low
668,52,Employed,45921.0,422,0.5,28600,Mortgage,30,0,Non-Compliant,Low
669,40,Employed,50409.0,487,0.08,34238,Mortgage,30,2,Compliant,Medium
670,46,Self-Employed,30752.0,719,0.08,30241,Mortgage,10,4,Compliant,Medium
671,60,Employed,43603.0,551,0.49,24810,Mortgage,20,2,Non-Compliant,Low
672,28,Unemployed,51344.0,848,0.55,25167,Education,20,3,Non-Compliant,Low
673,35,Employed,70341.0,634,0.28,26811,Mortgage,15,1,Non-Compliant,Medium
674,64,Self-Employed,38081.0,391,0.3,44779,Mortgage,5,4,Non-Compliant,High
675,29,Self-Employed,41739.0,829,0.19,25085,Personal,20,4,Non-Compliant,Medium
676,26,Self-Employed,64164.0,362,0.54,14261,Education,10,2,Compliant,High
677,27,Self-Employed,37109.0,811,0.39,23733,Personal,20,3,Non-Compliant,Low
678,61,Self-Employed,67135.0,438,0.17,44779,Personal,30,2,Non-Compliant,Low
679,34,Employed,49863.0,484,0.18,34079,Education,5,2,Compliant,High
680,55,Employed,54546.0,504,0.53,38980,Mortgage,15,4,Compliant,Medium
681,24,Employed,55512.0,513,0.01,19141,Personal,5,2,Compliant,Low
682,63,Employed,40756.0,555,0.19,14344,Education,30,1,Non-Compliant,High
683,30,Self-Employed,55848.0,434,0.33,44472,Mortgage,30,2,Compliant,Medium
684,57,Unemployed,38414.0,387,0.09,20896,Education,30,1,Compliant,High
685,59,Employed,42468.0,506,0.06,28817,Personal,30,4,Compliant,Medium
686,26,Unemployed,58380.0,428,0.49,34813,Mortgage,10,3,Compliant,Medium
687,67,Employed,54400.0,302,0.54,23895,Mortgage,15,1,Non-Compliant,Medium
688,44,Employed,48875.0,420,0.49,5143,Education,30,3,Non-Compliant,Medium
689,19,Unemployed,31119.0,684,0.54,15681,Mortgage,30,3,Non-Compliant,High
690,22,Self-Employed,34862.0,337,0.33,12367,Personal,20,1,Compliant,High
691,46,Employed,54150.0,640,0.49,8228,Personal,15,4,Compliant,High
692,54,Employed,60982.0,320,0.23,9582,Personal,5,0,Compliant,High
693,55,Employed,33355.0,541,0.4,18147,Education,15,3,Compliant,High
694,36,Unemployed,37402.0,754,0.59,16397,Mortgage,15,3,Compliant,Medium
695,25,Self-Employed,52012.0,602,0.14,43799,Mortgage,15,4,Compliant,Low
696,65,Unemployed,51691.0,368,0.23,42011,Mortgage,30,4,Non-Compliant,Low
697,62,Unemployed,25640.0,428,0.29,18647,Personal,30,2,Non-Compliant,High
698,18,Self-Employed,52423.0,495,0.08,32718,Mortgage,10,4,Compliant,High
699,39,Unemployed,41024.0,439,0.05,49264,Personal,5,3,Non-Compliant,Low
700,69,Self-Employed,74615.0,743,0.5,47317,Mortgage,20,1,Compliant,Medium
701,34,Employed,53737.0,582,0.59,24097,Personal,15,0,Compliant,High
702,24,Self-Employed,56322.0,611,0.24,41953,Mortgage,5,2,Non-Compliant,Medium
703,42,Employed,56710.0,834,0.05,45096,Education,5,1,Compliant,Low
704,62,Unemployed,31791.0,576,0.04,22107,Education,10,0,Non-Compliant,Low
705,21,Unemployed,79158.0,360,0.53,8010,Personal,20,0,Compliant,High
706,53,Employed,25656.0,618,0.28,10555,Personal,15,0,Compliant,Medium
707,23,Unemployed,61935.0,351,0.19,5067,Mortgage,20,1,Non-Compliant,High
708,48,Self-Employed,59279.0,452,0.29,33412,Mortgage,10,2,Compliant,Low
709,36,Employed,42844.0,610,0.19,49953,Education,30,2,Compliant,Medium
710,61,Unemployed,59996.0,843,0.29,39305,Mortgage,5,0,Compliant,High
711,56,Employed,45236.0,688,0.52,16549,Personal,15,1,Non-Compliant,High
712,44,Self-Employed,39868.0,847,0.36,10680,Personal,30,0,Compliant,High
713,27,Self-Employed,57043.0,476,0.42,30739,Personal,10,4,Compliant,Low
714,43,Unemployed,34901.0,661,0.22,26209,Personal,20,2,Compliant,High
715,36,Self-Employed,46636.0,613,0.44,46515,Personal,5,3,Non-Compliant,Medium
716,56,Employed,41087.0,396,0.4,27432,Education,15,0,Non-Compliant,High
717,20,Self-Employed,44960.0,512,0.07,20116,Education,30,4,Non-Compliant,Low
718,62,Employed,56490.0,436,0.34,25045,Personal,30,2,Non-Compliant,High
719,30,Employed,41084.0,305,0.15,31327,Mortgage,5,1,Non-Compliant,Low
720,67,Self-Employed,47115.0,408,0.48,40709,Personal,20,2,Compliant,Low
721,45,Unemployed,42452.0,846,0.26,48617,Education,10,1,Non-Compliant,Medium
722,37,Self-Employed,71659.0,338,0.6,31905,Personal,20,1,Non-Compliant,Medium
723,45,Employed,55139.0,724,0.06,12067,Education,20,0,Compliant,High
724,25,Employed,53301.0,560,0.47,37559,Education,20,0,Non-Compliant,Low
725,58,Self-Employed,60251.0,725,0.4,47919,Personal,5,2,Compliant,Low
726,56,Unemployed,41087.0,386,0.46,22985,Personal,5,4,Non-Compliant,Medium
727,18,Unemployed,62888.0,764,0.18,32369,Mortgage,10,2,Compliant,Medium
728,20,Employed,55192.0,375,0.3,22864,Education,20,3,Compliant,High
729,30,Employed,26586.0,770,0.48,27614,Mortgage,5,1,Non-Compliant,Low
730,45,Unemployed,28579.0,713,0.14,20613,Personal,10,1,Non-Compliant,Medium
731,66,Self-Employed,41415.0,756,0.14,11447,Education,10,0,Compliant,High
732,42,Employed,30184.0,584,0.33,10499,Mortgage,20,4,Compliant,Low
733,50,Employed,46425.0,538,0.31,44041,Mortgage,15,0,Compliant,Low
734,55,Unemployed,34793.0,671,0.17,36315,Mortgage,20,3,Compliant,Medium
735,23,Self-Employed,48534.0,794,0.18,6299,Personal,15,2,Compliant,High
736,61,Unemployed,71175.0,344,0.17,44469,Personal,10,2,Compliant,Medium
737,62,Self-Employed,49259.0,700,0.46,9994,Personal,5,4,Compliant,High
738,49,Self-Employed,45455.0,546,0.39,34878,Education,30,0,Non-Compliant,Low
739,62,Self-Employed,55823.0,749,0.5,20627,Personal,10,0,Compliant,High
740,64,Employed,39553.0,784,0.59,12489,Education,5,3,Non-Compliant,High
741,38,Unemployed,62651.0,317,0.28,31111,Mortgage,10,2,Non-Compliant,High
742,33,Unemployed,57428.0,588,0.04,37355,Mortgage,20,0,Compliant,High
743,38,Self-Employed,50582.0,713,0.03,13269,Personal,15,4,Compliant,High
744,28,Employed,52314.0,534,0.18,7831,Mortgage,10,2,Non-Compliant,Medium
745,54,Employed,80626.0,715,0.56,49370,Personal,5,3,Compliant,High
746,53,Unemployed,64134.0,798,0.31,16819,Education,20,4,Compliant,High
747,52,Employed,82992.0,414,0.16,29813,Mortgage,30,1,Non-Compliant,Low
748,36,Employed,57980.0,533,0.24,26637,Personal,20,3,Non-Compliant,High
749,37,Self-Employed,27924.0,839,0.36,6996,Mortgage,15,4,Non-Compliant,Low
750,35,Employed,46067.0,310,0.39,49387,Mortgage,20,0,Compliant,Medium
751,64,Self-Employed,24496.0,505,0.09,8089,Personal,30,1,Compliant,Medium
752,58,Unemployed,57924.0,546,0.59,38291,Mortgage,5,3,Non-Compliant,High
753,66,Employed,61181.0,426,0.33,25659,Mortgage,10,0,Compliant,Medium
754,31,Unemployed,36711.0,446,0.08,35429,Mortgage,15,1,Non-Compliant,High
755,32,Unemployed,40165.0,417,0.54,20732,Mortgage,30,2,Compliant,Medium
756,48,Employed,52231.0,681,0.04,24506,Education,15,0,Non-Compliant,High
757,18,Employed,32028.0,711,0.54,45935,Mortgage,20,4,Compliant,High
758,20,Unemployed,30902.0,662,0.6,10190,Mortgage,15,3,Non-Compliant,Low
759,33,Employed,68579.0,808,0.42,9575,Personal,30,1,Compliant,Low
760,40,Self-Employed,51720.0,436,0.46,45495,Education,10,0,Compliant,Low
761,28,Self-Employed,41628.0,474,0.2,39565,Personal,10,2,Non-Compliant,Low
762,29,Employed,24618.0,588,0.56,39899,Personal,15,3,Compliant,High
763,27,Unemployed,62785.0,780,0.32,28706,Personal,5,3,Compliant,Medium
764,49,Employed,39732.0,318,0.44,27884,Education,15,0,Non-Compliant,High
765,33,Employed,77910.0,494,0.55,22199,Personal,20,2,Compliant,Low
766,25,Unemployed,62889.0,629,0.59,49100,Personal,10,1,Compliant,Low
767,55,Unemployed,37877.0,474,0.5,44434,Personal,10,0,Compliant,Medium
768,29,Self-Employed,39267.0,748,0.18,17479,Mortgage,10,1,Non-Compliant,Low
769,41,Unemployed,75827.0,653,0.58,39178,Personal,5,3,Non-Compliant,High
770,45,Self-Employed,48736.0,798,0.38,17665,Education,5,1,Non-Compliant,High
771,25,Unemployed,42300.0,440,0.56,5534,Education,30,2,Non-Compliant,High
772,45,Employed,50415.0,392,0.41,31292,Mortgage,15,4,Non-Compliant,High
773,53,Self-Employed,42231.0,538,0.18,41132,Education,15,2,Compliant,High
774,43,Self-Employed,53615.0,504,0.22,41110,Education,20,1,Compliant,Medium
775,25,Self-Employed,48862.0,732,0.33,27469,Mortgage,10,0,Non-Compliant,High
776,67,Employed,63132.0,544,0.47,42268,Personal,5,3,Compliant,Low
777,45,Employed,44171.0,616,0.19,6172,Mortgage,20,4,Compliant,Low
778,45,Employed,36727.0,594,0.35,32914,Personal,20,0,Compliant,Low
779,54,Employed,44765.0,581,0.21,25901,Personal,5,0,Compliant,Low
780,58,Employed,44673.0,316,0.49,45775,Education,15,2,Non-Compliant,Medium
781,53,Self-Employed,48836.0,370,0.28,39409,Mortgage,10,1,Non-Compliant,Low
782,44,Employed,59518.0,568,0.05,24324,Education,15,2,Compliant,Medium
783,34,Self-Employed,58698.0,624,0.1,13738,Education,20,1,Compliant,Low
784,26,Employed,67994.0,604,0.04,42494,Personal,10,2,Non-Compliant,Medium
785,50,Unemployed,37827.0,750,0.3,49557,Education,30,0,Compliant,Medium
786,37,Self-Employed,55830.0,306,0.06,29054,Mortgage,20,3,Compliant,Medium
787,30,Unemployed,60909.0,613,0.07,34709,Education,15,1,Compliant,Low
788,45,Self-Employed,39886.0,402,0.56,48785,Education,15,4,Non-Compliant,Medium
789,65,Unemployed,46885.0,492,0.52,25107,Personal,15,4,Non-Compliant,High
790,46,Employed,23750.0,828,0.27,5363,Mortgage,5,0,Compliant,High
791,30,Employed,63602.0,470,0.59,15358,Education,20,2,Compliant,Low
792,63,Employed,46767.0,836,0.0,41077,Personal,10,2,Compliant,High
793,52,Self-Employed,62098.0,550,0.37,8240,Education,15,0,Compliant,High
794,23,Unemployed,53090.0,686,0.37,11665,Mortgage,15,4,Compliant,High
795,35,Employed,47222.0,506,0.27,6936,Education,5,4,Compliant,Low
796,68,Unemployed,26107.0,840,0.24,30538,Education,10,2,Non-Compliant,Low
797,22,Unemployed,28775.0,715,0.27,48965,Personal,20,1,Non-Compliant,High
798,64,Employed,11102.0,679,0.25,16998,Education,30,3,Compliant,Low
799,42,Employed,41560.0,443,0.44,5882,Personal,5,1,Non-Compliant,Medium
800,19,Unemployed,84173.0,324,0.08,25224,Mortgage,20,4,Compliant,High
801,27,Employed,30680.0,372,0.12,44691,Education,30,1,Compliant,Low
802,47,Employed,10528.0,392,0.11,35825,Mortgage,15,3,Non-Compliant,Low
803,67,Employed,64440.0,804,0.16,10204,Mortgage,15,1,Non-Compliant,High
804,62,Self-Employed,85455.0,635,0.32,33885,Education,10,1,Compliant,Low
805,22,Unemployed,54468.0,724,0.07,45056,Personal,30,1,Compliant,High
806,50,Unemployed,54330.0,798,0.52,8203,Mortgage,15,1,Non-Compliant,Low
807,18,Self-Employed,45351.0,663,0.18,7244,Mortgage,15,0,Non-Compliant,Medium
808,35,Unemployed,23086.0,498,0.1,37786,Education,10,4,Compliant,High
809,49,Employed,28239.0,712,0.41,8083,Education,20,3,Compliant,Medium
810,64,Unemployed,45248.0,638,0.02,26584,Education,15,4,Compliant,High
811,66,Employed,42373.0,728,0.37,13521,Education,5,0,Non-Compliant,Low
812,28,Self-Employed,48272.0,438,0.42,38541,Education,5,0,Compliant,Medium
813,38,Employed,62439.0,841,0.13,34063,Education,20,0,Non-Compliant,Low
814,43,Unemployed,41272.0,356,0.03,9732,Personal,30,0,Compliant,High
815,42,Unemployed,62745.0,531,0.22,32518,Mortgage,10,1,Non-Compliant,High
816,39,Unemployed,41370.0,734,0.06,44563,Personal,5,4,Non-Compliant,High
817,44,Self-Employed,65573.0,683,0.07,44752,Personal,5,2,Non-Compliant,High
818,66,Self-Employed,51295.0,493,0.15,34697,Education,20,3,Non-Compliant,High
819,30,Unemployed,43462.0,833,0.18,7567,Mortgage,30,0,Compliant,Medium
820,50,Employed,51039.0,817,0.32,21121,Personal,30,4,Non-Compliant,High
821,51,Self-Employed,45596.0,484,0.41,6674,Education,20,0,Non-Compliant,Low
822,58,Unemployed,51697.0,591,0.36,15875,Education,5,0,Non-Compliant,Medium
823,52,Unemployed,61371.0,634,0.09,49340,Mortgage,10,0,Compliant,Low
824,18,Self-Employed,48691.0,415,0.1,5739,Personal,5,0,Compliant,High
825,38,Self-Employed,44456.0,348,0.53,6545,Personal,30,0,Compliant,Low
826,65,Self-Employed,33147.0,381,0.34,34140,Personal,5,3,Compliant,Medium
827,23,Employed,58687.0,632,0.52,14327,Education,10,4,Compliant,Medium
828,45,Employed,55224.0,634,0.22,10127,Mortgage,15,0,Compliant,Medium
829,34,Unemployed,32270.0,831,0.37,28331,Mortgage,5,0,Non-Compliant,Low
830,22,Self-Employed,62532.0,520,0.31,28004,Personal,20,0,Non-Compliant,Medium
831,48,Employed,32027.0,622,0.19,46833,Education,15,0,Non-Compliant,Low
832,22,Self-Employed,65438.0,302,0.28,15492,Personal,20,1,Compliant,High
833,55,Unemployed,60317.0,505,0.3,18749,Mortgage,20,1,Non-Compliant,High
834,20,Employed,56294.0,339,0.12,28508,Education,20,2,Non-Compliant,Low
835,40,Employed,44345.0,358,0.19,14045,Personal,5,0,Compliant,Medium
836,54,Employed,58636.0,806,0.47,25116,Personal,30,2,Non-Compliant,Low
837,54,Unemployed,66145.0,421,0.55,23667,Education,15,3,Compliant,Low
838,27,Self-Employed,58885.0,778,0.22,14521,Mortgage,10,2,Non-Compliant,Low
839,27,Employed,39946.0,395,0.18,13669,Education,30,4,Compliant,High
840,36,Unemployed,54011.0,713,0.12,32302,Personal,5,1,Compliant,Low
841,34,Self-Employed,66980.0,534,0.41,16283,Personal,20,1,Compliant,High
842,38,Unemployed,82986.0,361,0.19,35935,Personal,10,0,Non-Compliant,Low
843,31,Self-Employed,46921.0,555,0.59,11998,Personal,15,0,Non-Compliant,High
844,26,Unemployed,62868.0,647,0.2,33806,Mortgage,30,3,Compliant,Low
845,63,Self-Employed,67017.0,423,0.24,36624,Mortgage,30,3,Compliant,Low
846,18,Employed,37813.0,781,0.36,18440,Personal,10,4,Non-Compliant,Medium
847,68,Self-Employed,76731.0,616,0.48,26797,Mortgage,5,0,Non-Compliant,Medium
848,62,Unemployed,34022.0,803,0.28,6269,Mortgage,15,0,Compliant,Low
849,30,Unemployed,62134.0,347,0.25,12868,Mortgage,10,3,Non-Compliant,Low
850,21,Self-Employed,54579.0,708,0.6,35251,Personal,20,3,Non-Compliant,Low
851,18,Employed,50833.0,435,0.01,17373,Education,15,3,Non-Compliant,Low
852,66,Employed,88202.0,500,0.54,23987,Education,30,1,Compliant,Medium
853,57,Self-Employed,45481.0,549,0.09,43729,Education,10,2,Compliant,High
854,49,Self-Employed,45239.0,613,0.47,20734,Personal,30,2,Non-Compliant,Low
855,51,Unemployed,69972.0,667,0.37,47429,Mortgage,30,0,Compliant,Medium
856,45,Employed,61427.0,728,0.21,46337,Mortgage,30,1,Non-Compliant,Low
857,48,Self-Employed,69231.0,779,0.52,45325,Personal,5,3,Non-Compliant,Low
858,25,Employed,51753.0,613,0.01,23064,Personal,30,0,Compliant,High
859,56,Self-Employed,54754.0,799,0.14,13433,Education,20,1,Compliant,Low
860,43,Self-Employed,78514.0,654,0.34,14111,Education,20,4,Compliant,Low
861,51,Employed,37460.0,784,0.21,43450,Personal,15,1,Non-Compliant,High
862,20,Self-Employed,48456.0,510,0.37,20047,Education,30,0,Non-Compliant,High
863,67,Self-Employed,61973.0,343,0.01,13084,Mortgage,30,2,Compliant,High
864,29,Unemployed,47062.0,840,0.07,26751,Personal,10,3,Compliant,High
865,18,Self-Employed,41447.0,391,0.08,21453,Personal,5,4,Compliant,Medium
866,61,Self-Employed,59277.0,564,0.11,25308,Mortgage,15,1,Non-Compliant,Medium
867,22,Self-Employed,70037.0,519,0.28,43968,Mortgage,30,0,Non-Compliant,Medium
868,47,Unemployed,47887.0,741,0.45,35077,Mortgage,10,0,Non-Compliant,Low
869,47,Employed,47471.0,700,0.54,48046,Education,5,3,Compliant,High
870,34,Unemployed,40284.0,699,0.5,39775,Personal,15,0,Compliant,High
871,65,Unemployed,45560.0,789,0.12,29503,Education,15,0,Non-Compliant,Medium
872,64,Employed,66254.0,784,0.26,7779,Mortgage,30,3,Compliant,Low
873,40,Unemployed,51215.0,769,0.12,26304,Education,15,4,Compliant,Low
874,32,Employed,37925.0,744,0.16,5755,Mortgage,10,2,Compliant,Low
875,54,Unemployed,53935.0,568,0.3,44263,Education,15,2,Compliant,Medium
876,38,Employed,65767.0,566,0.04,47955,Education,20,1,Non-Compliant,Low
877,31,Self-Employed,41571.0,353,0.13,47281,Mortgage,10,4,Compliant,Low
878,19,Unemployed,30070.0,827,0.56,22400,Education,5,1,Non-Compliant,Low
879,28,Unemployed,82862.0,819,0.28,45115,Personal,5,2,Non-Compliant,High
880,68,Unemployed,29322.0,358,0.27,19249,Education,30,3,Compliant,Medium
881,56,Unemployed,44614.0,339,0.01,49825,Education,30,0,Non-Compliant,High
882,55,Self-Employed,53481.0,536,0.15,29600,Personal,20,2,Non-Compliant,High
883,51,Unemployed,45913.0,685,0.52,42706,Mortgage,5,4,Compliant,Medium
884,55,Self-Employed,48876.0,599,0.1,24222,Personal,5,2,Non-Compliant,High
885,67,Self-Employed,58652.0,694,0.25,38505,Education,5,4,Non-Compliant,Low
886,51,Self-Employed,14124.0,506,0.01,43968,Mortgage,5,4,Non-Compliant,Low
887,35,Self-Employed,30996.0,635,0.29,46139,Education,15,4,Non-Compliant,Low
888,47,Employed,50663.0,813,0.01,46302,Education,10,1,Non-Compliant,Low
889,32,Employed,43936.0,477,0.49,34148,Personal,10,3,Non-Compliant,Medium
890,44,Unemployed,51941.0,695,0.49,27302,Personal,20,2,Non-Compliant,High
891,68,Employed,53414.0,670,0.47,7623,Mortgage,15,3,Non-Compliant,High
892,51,Employed,18261.0,617,0.17,13646,Mortgage,5,0,Compliant,Low
893,69,Unemployed,69104.0,668,0.5,18543,Mortgage,5,2,Compliant,Low
894,55,Unemployed,42525.0,683,0.33,33960,Education,30,3,Compliant,High
895,50,Unemployed,37017.0,361,0.22,27785,Personal,30,3,Non-Compliant,Medium
896,41,Employed,53125.0,804,0.38,17817,Personal,20,0,Non-Compliant,High
897,32,Employed,51607.0,538,0.01,36406,Personal,5,4,Non-Compliant,Low
898,47,Unemployed,67950.0,494,0.09,28456,Mortgage,20,2,Compliant,Low
899,59,Self-Employed,54078.0,521,0.45,28777,Personal,15,2,Compliant,Medium
900,68,Unemployed,67371.0,360,0.15,25914,Personal,10,0,Compliant,High
901,34,Self-Employed,35927.0,428,0.36,34553,Personal,5,4,Non-Compliant,Medium
902,22,Self-Employed,52127.0,455,0.23,28548,Mortgage,15,2,Compliant,Medium
903,46,Unemployed,33278.0,677,0.51,42265,Personal,5,2,Compliant,Low
904,21,Unemployed,51465.0,736,0.57,45701,Mortgage,30,2,Non-Compliant,High
905,27,Unemployed,48285.0,506,0.53,11727,Personal,20,4,Compliant,Low
906,34,Employed,47640.0,687,0.16,49924,Personal,30,0,Non-Compliant,High
907,27,Self-Employed,47772.0,779,0.12,37427,Personal,10,2,Compliant,Low
908,34,Employed,61045.0,639,0.28,21692,Mortgage,30,3,Non-Compliant,Low
909,37,Employed,25889.0,639,0.0,36625,Mortgage,5,4,Non-Compliant,High
910,41,Unemployed,36503.0,503,0.02,29918,Personal,30,1,Non-Compliant,High
911,22,Employed,49391.0,460,0.33,46395,Education,5,0,Non-Compliant,Low
912,51,Unemployed,32320.0,839,0.31,46136,Mortgage,10,3,Non-Compliant,High
913,23,Self-Employed,50691.0,691,0.6,20577,Mortgage,30,2,Compliant,Low
914,19,Unemployed,49237.0,833,0.12,24619,Personal,20,1,Non-Compliant,High
915,30,Employed,28943.0,369,0.15,38710,Education,20,0,Non-Compliant,Low
916,60,Employed,28202.0,704,0.07,42388,Personal,20,4,Non-Compliant,Low
917,60,Unemployed,10643.0,816,0.55,21195,Mortgage,30,1,Non-Compliant,Low
918,65,Unemployed,31689.0,419,0.47,32689,Mortgage,30,1,Compliant,Medium
919,28,Employed,50214.0,516,0.49,16154,Personal,30,3,Non-Compliant,High
920,68,Self-Employed,52342.0,355,0.54,44121,Personal,5,0,Compliant,Low
921,64,Self-Employed,53028.0,665,0.31,34412,Education,10,3,Non-Compliant,Medium
922,40,Unemployed,38331.0,803,0.27,26341,Education,20,3,Non-Compliant,Low
923,33,Self-Employed,49725.0,754,0.2,37018,Mortgage,5,2,Compliant,Medium
924,48,Employed,55958.0,403,0.35,14145,Education,20,4,Compliant,Low
925,28,Unemployed,30979.0,376,0.27,47262,Education,5,1,Compliant,Low
926,33,Employed,51849.0,529,0.27,27223,Mortgage,30,0,Non-Compliant,Medium
927,25,Employed,59847.0,557,0.56,7880,Mortgage,20,4,Compliant,Medium
928,21,Self-Employed,42638.0,563,0.59,26271,Mortgage,30,4,Non-Compliant,High
929,57,Unemployed,65933.0,630,0.48,38313,Mortgage,20,0,Compliant,High
930,21,Unemployed,42988.0,481,0.45,18304,Personal,15,4,Compliant,Medium
931,42,Self-Employed,37099.0,849,0.41,39695,Mortgage,5,2,Non-Compliant,High
932,20,Employed,58352.0,326,0.1,35225,Mortgage,15,4,Compliant,Medium
933,49,Employed,80499.0,575,0.04,25536,Mortgage,5,2,Compliant,High
934,20,Employed,51280.0,598,0.41,35831,Education,10,1,Non-Compliant,Low
935,44,Employed,59523.0,390,0.44,16673,Mortgage,20,1,Non-Compliant,High
936,46,Unemployed,42369.0,779,0.03,26917,Personal,10,3,Non-Compliant,Low
937,49,Unemployed,31375.0,757,0.56,32829,Personal,10,2,Compliant,Low
938,67,Self-Employed,52493.0,750,0.05,20372,Mortgage,5,1,Compliant,High
939,68,Self-Employed,54865.0,664,0.17,30938,Personal,15,4,Compliant,Medium
940,36,Unemployed,44631.0,650,0.4,7663,Education,30,0,Compliant,Low
941,38,Unemployed,59465.0,699,0.1,14465,Mortgage,5,0,Compliant,Low
942,22,Employed,40188.0,552,0.03,8326,Personal,30,2,Non-Compliant,High
943,35,Employed,36468.0,758,0.2,8659,Personal,10,3,Compliant,Medium
944,45,Self-Employed,65909.0,798,0.46,32594,Mortgage,30,4,Non-Compliant,Medium
945,59,Unemployed,65980.0,807,0.25,9763,Personal,15,2,Compliant,High
946,39,Self-Employed,40484.0,603,0.39,28121,Mortgage,5,0,Non-Compliant,Medium
947,38,Unemployed,75782.0,800,0.35,15828,Personal,15,2,Compliant,High
948,23,Employed,45693.0,465,0.01,16221,Education,15,4,Compliant,High
949,18,Self-Employed,51271.0,714,0.59,16211,Personal,5,1,Non-Compliant,High
950,22,Self-Employed,48730.0,761,0.02,18569,Personal,15,4,Compliant,Low
951,58,Unemployed,57856.0,413,0.58,36358,Mortgage,20,1,Non-Compliant,Low
952,29,Employed,54071.0,732,0.33,42860,Personal,20,1,Compliant,Low
953,43,Self-Employed,53869.0,655,0.58,11022,Mortgage,20,1,Compliant,High
954,63,Employed,34706.0,506,0.07,18515,Education,30,2,Non-Compliant,Low
955,51,Self-Employed,24671.0,534,0.29,11159,Mortgage,15,0,Compliant,Low
956,66,Employed,67132.0,741,0.1,46213,Mortgage,5,2,Non-Compliant,Low
957,31,Unemployed,41818.0,654,0.03,26691,Personal,5,0,Compliant,High
958,43,Self-Employed,49264.0,814,0.37,29904,Education,30,4,Compliant,High
959,62,Self-Employed,54901.0,507,0.12,48790,Mortgage,5,3,Compliant,High
960,44,Employed,74435.0,424,0.35,8044,Personal,20,4,Compliant,Low
961,26,Employed,52420.0,437,0.07,14612,Personal,15,2,Compliant,Medium
962,43,Self-Employed,44078.0,638,0.2,10636,Mortgage,5,2,Compliant,Low
963,64,Unemployed,42146.0,836,0.47,16593,Personal,5,0,Compliant,Low
964,39,Employed,49439.0,367,0.26,7892,Mortgage,10,2,Non-Compliant,High
965,64,Employed,36359.0,840,0.38,26672,Mortgage,10,1,Compliant,High
966,47,Employed,50433.0,682,0.39,10812,Mortgage,10,2,Compliant,Low
967,60,Self-Employed,49219.0,318,0.51,36085,Education,15,0,Compliant,Low
968,65,Self-Employed,74622.0,749,0.19,5654,Mortgage,20,0,Non-Compliant,Medium
969,34,Self-Employed,48745.0,373,0.41,22143,Personal,20,1,Non-Compliant,Medium
970,43,Self-Employed,21132.0,575,0.58,6798,Education,20,0,Compliant,High
971,53,Unemployed,90102.0,347,0.44,42927,Personal,15,3,Compliant,Medium
972,18,Unemployed,64352.0,510,0.29,34087,Education,15,4,Compliant,Medium
973,25,Self-Employed,81235.0,839,0.38,16618,Education,10,2,Non-Compliant,High
974,66,Unemployed,32640.0,490,0.44,13446,Education,5,3,Compliant,Medium
975,52,Employed,46672.0,614,0.37,26646,Education,30,2,Non-Compliant,Low
976,69,Employed,60116.0,412,0.01,41591,Personal,30,3,Compliant,Medium
977,32,Employed,58045.0,469,0.12,32200,Mortgage,5,2,Non-Compliant,High
978,64,Self-Employed,54604.0,767,0.49,34571,Personal,10,1,Non-Compliant,Low
979,39,Employed,17005.0,313,0.16,27538,Mortgage,5,0,Compliant,Medium
980,31,Unemployed,24313.0,587,0.44,45555,Personal,5,0,Compliant,Low
981,43,Self-Employed,72762.0,488,0.22,48964,Education,30,1,Compliant,Low
982,45,Unemployed,75429.0,454,0.31,25900,Education,10,3,Compliant,Medium
983,40,Employed,48400.0,770,0.04,27356,Mortgage,15,4,Compliant,Medium
984,31,Employed,70856.0,374,0.11,28023,Mortgage,30,3,Compliant,High
985,41,Employed,34651.0,576,0.57,44148,Personal,15,0,Compliant,High
986,19,Self-Employed,38083.0,642,0.53,22392,Mortgage,10,4,Non-Compliant,Low
987,62,Unemployed,33465.0,724,0.39,25698,Personal,5,2,Compliant,High
988,43,Self-Employed,37251.0,810,0.28,47470,Mortgage,20,4,Compliant,Low
989,31,Self-Employed,60840.0,481,0.41,31535,Mortgage,20,3,Non-Compliant,Low
990,68,Employed,37064.0,757,0.37,40450,Mortgage,10,1,Compliant,High
991,24,Self-Employed,83596.0,363,0.34,38757,Education,20,2,Compliant,High
992,20,Self-Employed,56901.0,559,0.04,17476,Education,15,3,Compliant,High
993,64,Employed,66267.0,492,0.38,46214,Personal,20,2,Compliant,Medium
994,40,Self-Employed,57349.0,705,0.46,9711,Mortgage,10,4,Non-Compliant,Low
995,63,Employed,68214.0,392,0.6,11479,Personal,10,0,Non-Compliant,Low
996,60,Employed,36980.0,729,0.01,36390,Mortgage,15,3,Compliant,Low
997,64,Employed,71704.0,733,0.44,18161,Education,20,1,Compliant,High
998,62,Employed,52114.0,703,0.34,37152,Education,20,4,Non-Compliant,High
999,35,Self-Employed,68138.0,733,0.26,19635,Mortgage,5,3,Compliant,High
1000,55,Employed,28406.0,411,0.08,45843,Mortgage,30,1,Non-Compliant,High
