CardholderID,AccountNumber,CreditLimit,AvailableCredit,TotalSpentThisMonth,MinimumPayment,PaymentStatus,InterestRate,FeesCharged,RecentLargeTransactions,RiskScore,ComplianceIssues,LastPaymentDate,NextPaymentDueDate
1,634895718,15647,14980,667,33.35,On-Time,0.11,35,No,92,None,2023-01-01,2023-01-02
2,299900595,12911,9541,3370,168.5,Late,0.14,25,No,81,None,2023-01-01,2023-01-02
3,962061404,11472,10078,1394,69.7,On-Time,0.22,0,No,82,None,2023-01-01,2023-01-02
4,887846414,6266,6168,98,4.9,Very Late,0.11,0,No,77,None,2023-01-01,2023-01-02
5,227521863,3666,3620,46,2.3,Late,0.19,25,No,91,None,2023-01-01,2023-01-02
6,523734972,7188,4302,2886,144.3,Late,0.25,0,Yes,90,None,2023-01-01,2023-01-02
7,515968276,13161,12740,421,21.05,On-Time,0.23,15,Yes,85,UDAAP,2023-01-01,2023-01-02
8,770094950,14314,8715,5599,279.95,On-Time,0.18,0,No,55,None,2023-01-01,2023-01-02
9,941095289,15891,12241,3650,182.5,Late,0.11,25,No,65,Late Fee Issues,2023-01-01,2023-01-02
10,769991378,7777,7716,61,3.05,On-Time,0.22,25,No,83,None,2023-01-01,2023-01-02
11,529389014,6900,5768,1132,56.6,Late,0.19,15,No,72,None,2023-01-01,2023-01-02
12,349467210,16716,13096,3620,181.0,Very Late,0.12,35,No,99,Late Fee Issues,2023-01-01,2023-01-02
13,998717130,9981,6791,3190,159.5,On-Time,0.11,25,No,91,None,2023-01-01,2023-01-02
14,598972759,9376,8779,597,29.85,Late,0.24,15,No,73,None,2023-01-01,2023-01-02
15,459525748,19907,19516,391,19.55,Very Late,0.2,0,No,98,None,2023-01-01,2023-01-02
16,534285667,13160,12085,1075,53.75,Very Late,0.22,0,No,62,None,2023-01-01,2023-01-02
17,713608295,17124,14474,2650,132.5,Late,0.23,15,No,67,None,2023-01-01,2023-01-02
18,993664919,19282,16898,2384,119.2,On-Time,0.19,15,No,62,None,2023-01-01,2023-01-02
19,748061058,13488,12679,809,40.45,Late,0.18,25,No,98,Late Fee Issues,2023-01-01,2023-01-02
20,188409749,8240,4931,3309,165.45,Very Late,0.16,0,No,86,None,2023-01-01,2023-01-02
21,342285876,13453,7952,5501,275.05,Late,0.15,15,No,92,UDAAP,2023-01-01,2023-01-02
22,454088427,13478,9740,3738,186.9,On-Time,0.17,0,No,88,UDAAP,2023-01-01,2023-01-02
23,909827741,15394,8499,6895,344.75,Very Late,0.22,15,No,91,None,2023-01-01,2023-01-02
24,103344769,7432,6273,1159,57.95,Late,0.19,0,No,66,None,2023-01-01,2023-01-02
25,880932287,16568,8994,7574,378.7,On-Time,0.23,35,No,64,Late Fee Issues,2023-01-01,2023-01-02
26,887716372,17178,15647,1531,76.55,Very Late,0.17,25,No,67,UDAAP,2023-01-01,2023-01-02
27,604579232,3302,1917,1385,69.25,On-Time,0.19,0,No,72,None,2023-01-01,2023-01-02
28,332968651,3055,1651,1404,70.2,Very Late,0.19,35,No,79,None,2023-01-01,2023-01-02
29,579546681,16013,11037,4976,248.8,Late,0.19,0,No,83,None,2023-01-01,2023-01-02
30,206328085,11717,6022,5695,284.75,On-Time,0.21,0,No,53,None,2023-01-01,2023-01-02
31,130349564,11150,8468,2682,134.1,Very Late,0.14,35,No,52,None,2023-01-01,2023-01-02
32,881447915,5125,4872,253,12.65,On-Time,0.18,0,No,56,None,2023-01-01,2023-01-02
33,199052376,14479,10931,3548,177.4,On-Time,0.12,0,No,67,None,2023-01-01,2023-01-02
34,277077808,18745,12582,6163,308.15,Late,0.16,25,No,91,None,2023-01-01,2023-01-02
35,206406362,19748,13077,6671,333.55,On-Time,0.17,35,No,56,None,2023-01-01,2023-01-02
36,580404538,9809,8578,1231,61.55,Very Late,0.2,35,No,89,None,2023-01-01,2023-01-02
37,743647998,7621,4019,3602,180.1,Very Late,0.24,15,No,55,None,2023-01-01,2023-01-02
38,699121577,18034,15611,2423,121.15,Very Late,0.19,0,No,71,None,2023-01-01,2023-01-02
39,300427519,16623,8552,8071,403.55,Very Late,0.21,25,No,50,None,2023-01-01,2023-01-02
40,281009883,8126,7961,165,8.25,Late,0.18,0,No,53,None,2023-01-01,2023-01-02
41,599770319,8122,6549,1573,78.65,On-Time,0.2,0,No,95,None,2023-01-01,2023-01-02
42,985063869,8870,5962,2908,145.4,Late,0.11,15,No,98,UDAAP,2023-01-01,2023-01-02
43,489151677,4531,3915,616,30.8,On-Time,0.14,0,No,99,None,2023-01-01,2023-01-02
44,251079598,11172,9547,1625,81.25,On-Time,0.15,25,No,92,None,2023-01-01,2023-01-02
45,608464061,10673,6675,3998,199.9,On-Time,0.17,25,Yes,78,None,2023-01-01,2023-01-02
46,957592370,9882,5999,3883,194.15,Late,0.11,15,No,70,UDAAP,2023-01-01,2023-01-02
47,668919915,4906,4404,502,25.1,On-Time,0.12,0,No,75,None,2023-01-01,2023-01-02
48,161136438,6086,5174,912,45.6,Late,0.14,25,No,63,None,2023-01-01,2023-01-02
49,496917567,16503,10281,6222,311.1,Very Late,0.25,0,No,58,None,2023-01-01,2023-01-02
50,299502978,11152,6472,4680,234.0,Very Late,0.15,0,No,96,None,2023-01-01,2023-01-02
51,572190436,8750,6792,1958,97.9,On-Time,0.17,0,No,61,None,2023-01-01,2023-01-02
52,561901618,15772,11763,4009,200.45,Late,0.13,15,No,91,None,2023-01-01,2023-01-02
53,874414982,13267,10532,2735,136.75,Very Late,0.19,0,No,55,None,2023-01-01,2023-01-02
54,832395540,4062,3667,395,19.75,Late,0.14,25,Yes,69,None,2023-01-01,2023-01-02
55,961137736,9229,6055,3174,158.7,Late,0.13,0,No,73,None,2023-01-01,2023-01-02
56,379394470,19509,10916,8593,429.65,On-Time,0.18,25,No,76,None,2023-01-01,2023-01-02
57,156972561,18147,17173,974,48.7,Very Late,0.1,0,Yes,87,Late Fee Issues,2023-01-01,2023-01-02
58,954206851,7632,7409,223,11.15,On-Time,0.1,25,No,57,None,2023-01-01,2023-01-02
59,925500248,9288,4675,4613,230.65,On-Time,0.13,25,No,50,Late Fee Issues,2023-01-01,2023-01-02
60,371820813,6596,3915,2681,134.05,Very Late,0.11,0,No,98,None,2023-01-01,2023-01-02
61,350814705,14475,14240,235,11.75,Very Late,0.12,0,No,98,None,2023-01-01,2023-01-02
62,681609465,9168,5670,3498,174.9,Late,0.15,25,No,73,None,2023-01-01,2023-01-02
63,334564360,12795,8584,4211,210.55,Very Late,0.22,35,No,96,UDAAP,2023-01-01,2023-01-02
64,168574553,10561,7327,3234,161.7,Late,0.19,15,No,56,None,2023-01-01,2023-01-02
65,519498548,11258,11033,225,11.25,Late,0.18,35,No,68,None,2023-01-01,2023-01-02
66,891274835,19616,11433,8183,409.15,Late,0.14,35,No,71,None,2023-01-01,2023-01-02
67,916698734,9371,5094,4277,213.85,Very Late,0.24,0,No,84,None,2023-01-01,2023-01-02
68,887110843,17369,16028,1341,67.05,On-Time,0.16,15,No,79,None,2023-01-01,2023-01-02
69,624150214,15910,11874,4036,201.8,Late,0.11,35,No,78,None,2023-01-01,2023-01-02
70,572432043,10943,10734,209,10.45,On-Time,0.19,0,No,71,None,2023-01-01,2023-01-02
71,457319431,15199,11472,3727,186.35,On-Time,0.12,35,Yes,60,None,2023-01-01,2023-01-02
72,247697582,18728,14800,3928,196.4,Very Late,0.15,35,Yes,69,None,2023-01-01,2023-01-02
73,844595490,9738,6935,2803,140.15,On-Time,0.18,0,No,78,None,2023-01-01,2023-01-02
74,784275917,18913,9612,9301,465.05,On-Time,0.23,0,No,90,None,2023-01-01,2023-01-02
75,705850704,5472,3010,2462,123.1,Very Late,0.17,0,No,91,None,2023-01-01,2023-01-02
76,137709731,18679,18286,393,19.65,Late,0.21,15,No,83,None,2023-01-01,2023-01-02
77,882698033,4761,3918,843,42.15,On-Time,0.25,35,No,50,None,2023-01-01,2023-01-02
78,798027879,13167,11643,1524,76.2,Very Late,0.12,0,No,80,UDAAP,2023-01-01,2023-01-02
79,123027075,13554,12951,603,30.15,On-Time,0.14,25,No,79,UDAAP,2023-01-01,2023-01-02
80,365047041,17277,16696,581,29.05,On-Time,0.16,35,No,97,Late Fee Issues,2023-01-01,2023-01-02
81,852288765,6812,4770,2042,102.1,Late,0.16,25,No,67,None,2023-01-01,2023-01-02
82,186191493,4605,2666,1939,96.95,On-Time,0.16,15,No,66,None,2023-01-01,2023-01-02
83,993102645,8622,8490,132,6.6,Very Late,0.24,0,No,87,None,2023-01-01,2023-01-02
84,300619113,9767,6929,2838,141.9,On-Time,0.21,25,No,63,None,2023-01-01,2023-01-02
85,390770691,14613,7821,6792,339.6,Late,0.19,15,No,72,None,2023-01-01,2023-01-02
86,893943861,13589,10204,3385,169.25,Late,0.15,0,No,74,None,2023-01-01,2023-01-02
87,234489564,16918,13148,3770,188.5,Very Late,0.22,25,No,64,Late Fee Issues,2023-01-01,2023-01-02
88,496360081,16046,13778,2268,113.4,Late,0.24,25,Yes,95,Late Fee Issues,2023-01-01,2023-01-02
89,207944665,5590,4615,975,48.75,On-Time,0.22,15,No,71,None,2023-01-01,2023-01-02
90,957937451,7324,3815,3509,175.45,Late,0.1,0,No,52,None,2023-01-01,2023-01-02
91,913891745,13787,11974,1813,90.65,Very Late,0.2,0,No,68,None,2023-01-01,2023-01-02
92,723415497,12111,8848,3263,163.15,Late,0.11,25,No,93,None,2023-01-01,2023-01-02
93,722028733,8342,6799,1543,77.15,Late,0.14,25,No,83,None,2023-01-01,2023-01-02
94,858744035,19389,16554,2835,141.75,Late,0.11,25,No,84,None,2023-01-01,2023-01-02
95,520477197,11659,8921,2738,136.9,Very Late,0.19,0,No,99,None,2023-01-01,2023-01-02
96,838194223,17043,12909,4134,206.7,Late,0.2,15,No,50,None,2023-01-01,2023-01-02
97,428740110,11837,10521,1316,65.8,Late,0.12,15,No,70,None,2023-01-01,2023-01-02
98,480072391,3117,2428,689,34.45,On-Time,0.16,0,No,78,None,2023-01-01,2023-01-02
99,402554573,16917,8564,8353,417.65,Very Late,0.17,35,No,55,None,2023-01-01,2023-01-02
100,941739990,17309,15400,1909,95.45,Late,0.16,15,No,86,Late Fee Issues,2023-01-01,2023-01-02
101,189482491,16234,15107,1127,56.35,Very Late,0.12,25,No,50,None,2023-01-01,2023-01-02
102,294249720,8560,4690,3870,193.5,Late,0.16,35,No,50,None,2023-01-01,2023-01-02
103,423541287,3846,2188,1658,82.9,Late,0.21,35,No,76,None,2023-01-01,2023-01-02
104,506019796,13954,10829,3125,156.25,Late,0.11,15,Yes,70,None,2023-01-01,2023-01-02
105,695614415,16703,14740,1963,98.15,On-Time,0.11,35,No,65,UDAAP,2023-01-01,2023-01-02
106,191693393,18385,13232,5153,257.65,On-Time,0.15,35,No,93,None,2023-01-01,2023-01-02
107,270476398,16746,15780,966,48.3,On-Time,0.24,15,No,89,None,2023-01-01,2023-01-02
108,438175028,9469,8580,889,44.45,Very Late,0.2,15,No,75,None,2023-01-01,2023-01-02
109,472593431,12333,9272,3061,153.05,Very Late,0.2,35,No,65,TILA,2023-01-01,2023-01-02
110,558502041,19608,13147,6461,323.05,On-Time,0.15,25,No,77,None,2023-01-01,2023-01-02
111,232862715,15819,9653,6166,308.3,Very Late,0.19,0,No,50,None,2023-01-01,2023-01-02
112,559708603,7208,4337,2871,143.55,Late,0.1,35,Yes,85,None,2023-01-01,2023-01-02
113,283378299,9283,6094,3189,159.45,Late,0.2,35,No,59,None,2023-01-01,2023-01-02
114,211665644,5048,3382,1666,83.3,Late,0.24,25,No,92,None,2023-01-01,2023-01-02
115,705264936,9233,6167,3066,153.3,On-Time,0.19,35,No,66,None,2023-01-01,2023-01-02
116,298743196,15941,8562,7379,368.95,Very Late,0.23,35,No,72,None,2023-01-01,2023-01-02
117,324184334,15607,14166,1441,72.05,On-Time,0.21,0,No,56,Late Fee Issues,2023-01-01,2023-01-02
118,809816108,12765,11698,1067,53.35,Very Late,0.12,0,Yes,93,None,2023-01-01,2023-01-02
119,420192576,4828,4701,127,6.35,Late,0.24,0,No,56,None,2023-01-01,2023-01-02
120,167157848,4917,4760,157,7.85,On-Time,0.11,15,No,93,None,2023-01-01,2023-01-02
121,844753672,9988,6132,3856,192.8,Very Late,0.18,15,No,64,None,2023-01-01,2023-01-02
122,195540567,17594,12987,4607,230.35,Very Late,0.12,0,No,83,None,2023-01-01,2023-01-02
123,722261376,15977,11992,3985,199.25,Late,0.1,0,No,95,None,2023-01-01,2023-01-02
124,953477355,3009,2965,44,2.2,On-Time,0.16,15,No,94,None,2023-01-01,2023-01-02
125,286780295,19644,16465,3179,158.95,On-Time,0.14,25,No,53,None,2023-01-01,2023-01-02
126,123717335,12865,6503,6362,318.1,On-Time,0.17,35,No,63,None,2023-01-01,2023-01-02
127,160472382,5219,4777,442,22.1,Late,0.19,35,No,63,None,2023-01-01,2023-01-02
128,381154698,10041,6140,3901,195.05,On-Time,0.11,0,No,65,None,2023-01-01,2023-01-02
129,954021618,8287,5925,2362,118.1,Late,0.12,25,No,56,None,2023-01-01,2023-01-02
130,988445520,4619,2395,2224,111.2,Late,0.18,15,No,81,None,2023-01-01,2023-01-02
131,272552610,11512,9786,1726,86.3,Late,0.15,0,No,68,TILA,2023-01-01,2023-01-02
132,191355424,4342,2336,2006,100.3,Very Late,0.21,25,Yes,51,Late Fee Issues,2023-01-01,2023-01-02
133,555094650,13568,7777,5791,289.55,On-Time,0.2,25,No,59,None,2023-01-01,2023-01-02
134,418019332,17231,9158,8073,403.65,On-Time,0.23,25,No,99,None,2023-01-01,2023-01-02
135,857206505,6490,6224,266,13.3,Late,0.2,15,No,66,None,2023-01-01,2023-01-02
136,565856742,12310,11473,837,41.85,Late,0.16,15,No,86,Late Fee Issues,2023-01-01,2023-01-02
137,748870905,10984,6400,4584,229.2,On-Time,0.2,35,Yes,61,None,2023-01-01,2023-01-02
138,597653800,15219,10422,4797,239.85,Late,0.14,35,No,55,None,2023-01-01,2023-01-02
139,808496411,3235,2549,686,34.3,On-Time,0.15,25,No,71,None,2023-01-01,2023-01-02
140,585775494,13161,9800,3361,168.05,Very Late,0.22,25,No,81,Late Fee Issues,2023-01-01,2023-01-02
141,529662408,4908,3913,995,49.75,Late,0.17,15,No,90,None,2023-01-01,2023-01-02
142,629561415,11567,11211,356,17.8,On-Time,0.22,35,No,69,None,2023-01-01,2023-01-02
143,956634123,6530,5659,871,43.55,Late,0.22,25,No,50,None,2023-01-01,2023-01-02
144,447454369,8256,6283,1973,98.65,On-Time,0.23,35,No,96,None,2023-01-01,2023-01-02
145,509783328,11162,6515,4647,232.35,On-Time,0.24,35,No,55,None,2023-01-01,2023-01-02
146,372981039,8415,6605,1810,90.5,Late,0.16,25,No,68,None,2023-01-01,2023-01-02
147,618910454,6391,6069,322,16.1,Very Late,0.15,15,No,67,None,2023-01-01,2023-01-02
148,361917078,14157,11516,2641,132.05,On-Time,0.19,25,No,55,None,2023-01-01,2023-01-02
149,825167677,8951,6723,2228,111.4,On-Time,0.16,25,No,94,None,2023-01-01,2023-01-02
150,422909911,11007,7616,3391,169.55,On-Time,0.19,35,No,82,None,2023-01-01,2023-01-02
151,812631076,12064,7886,4178,208.9,Very Late,0.21,25,No,72,None,2023-01-01,2023-01-02
152,492121003,18524,14167,4357,217.85,Very Late,0.2,15,No,72,None,2023-01-01,2023-01-02
153,690804839,3077,2294,783,39.15,Late,0.16,25,No,75,None,2023-01-01,2023-01-02
154,206179285,10577,5568,5009,250.45,Very Late,0.13,15,No,62,None,2023-01-01,2023-01-02
155,689324250,19984,17245,2739,136.95,Late,0.16,15,No,56,None,2023-01-01,2023-01-02
156,363038498,17060,12276,4784,239.2,Late,0.12,35,No,64,None,2023-01-01,2023-01-02
157,670916578,13535,11092,2443,122.15,Very Late,0.23,0,No,93,Late Fee Issues,2023-01-01,2023-01-02
158,613653348,12510,10738,1772,88.6,Late,0.15,0,No,76,None,2023-01-01,2023-01-02
159,524831618,9943,6734,3209,160.45,Very Late,0.12,35,No,75,None,2023-01-01,2023-01-02
160,146321408,14954,10020,4934,246.7,Late,0.1,25,No,82,None,2023-01-01,2023-01-02
161,363183577,10804,9927,877,43.85,Very Late,0.2,35,No,64,None,2023-01-01,2023-01-02
162,190053374,9565,6695,2870,143.5,Very Late,0.2,15,No,85,Late Fee Issues,2023-01-01,2023-01-02
163,126063245,8984,5784,3200,160.0,Late,0.15,0,No,94,Late Fee Issues,2023-01-01,2023-01-02
164,273660954,7670,7622,48,2.4,On-Time,0.11,35,No,76,None,2023-01-01,2023-01-02
165,197636744,12184,8437,3747,187.35,Late,0.16,25,No,54,None,2023-01-01,2023-01-02
166,862532878,5192,4900,292,14.6,Very Late,0.15,35,No,51,None,2023-01-01,2023-01-02
167,576272473,4248,2597,1651,82.55,On-Time,0.2,0,No,82,None,2023-01-01,2023-01-02
168,209174313,14246,9615,4631,231.55,Late,0.19,35,No,65,None,2023-01-01,2023-01-02
169,913194107,15790,11384,4406,220.3,Late,0.15,35,No,72,None,2023-01-01,2023-01-02
170,563390156,6687,6151,536,26.8,Late,0.13,0,No,87,None,2023-01-01,2023-01-02
171,966377394,7018,5092,1926,96.3,On-Time,0.25,15,No,65,None,2023-01-01,2023-01-02
172,234987326,14302,11616,2686,134.3,Very Late,0.17,15,No,63,TILA,2023-01-01,2023-01-02
173,726049887,4970,4737,233,11.65,Late,0.2,0,Yes,78,None,2023-01-01,2023-01-02
174,685878246,11389,6061,5328,266.4,Late,0.12,35,No,75,Late Fee Issues,2023-01-01,2023-01-02
175,376406835,18374,16000,2374,118.7,Late,0.17,0,Yes,84,None,2023-01-01,2023-01-02
176,371766524,8788,6516,2272,113.6,Late,0.1,15,No,64,None,2023-01-01,2023-01-02
177,136810847,8408,7442,966,48.3,Late,0.18,25,No,52,None,2023-01-01,2023-01-02
178,939735171,12446,11557,889,44.45,Very Late,0.24,35,No,72,None,2023-01-01,2023-01-02
179,776742877,3922,2107,1815,90.75,Very Late,0.16,15,No,78,None,2023-01-01,2023-01-02
180,698424036,3419,3409,10,0.5,Late,0.11,35,No,83,None,2023-01-01,2023-01-02
181,548469222,13789,10389,3400,170.0,On-Time,0.1,0,No,82,UDAAP,2023-01-01,2023-01-02
182,788839404,4120,4086,34,1.7,Very Late,0.16,25,No,90,None,2023-01-01,2023-01-02
183,271116174,14260,9718,4542,227.1,On-Time,0.12,0,No,90,None,2023-01-01,2023-01-02
184,123841962,5336,3573,1763,88.15,Very Late,0.1,25,No,72,TILA,2023-01-01,2023-01-02
185,972141340,8373,5082,3291,164.55,Late,0.21,35,No,56,None,2023-01-01,2023-01-02
186,928299788,5243,2755,2488,124.4,Very Late,0.17,35,No,52,None,2023-01-01,2023-01-02
187,430626207,7612,4912,2700,135.0,Late,0.14,0,No,81,None,2023-01-01,2023-01-02
188,524623942,16946,15388,1558,77.9,Very Late,0.24,25,Yes,80,Late Fee Issues,2023-01-01,2023-01-02
189,270731194,14104,9414,4690,234.5,Late,0.12,25,No,67,UDAAP,2023-01-01,2023-01-02
190,936594930,16429,10308,6121,306.05,Late,0.24,35,No,92,UDAAP,2023-01-01,2023-01-02
191,792440149,9371,7095,2276,113.8,Late,0.15,0,No,56,None,2023-01-01,2023-01-02
192,660355099,9359,5353,4006,200.3,Late,0.23,25,No,90,Late Fee Issues,2023-01-01,2023-01-02
193,871795521,10863,6424,4439,221.95,On-Time,0.19,35,No,50,None,2023-01-01,2023-01-02
194,634096553,6228,5125,1103,55.15,Late,0.22,15,No,63,None,2023-01-01,2023-01-02
195,349625132,17382,9862,7520,376.0,On-Time,0.25,0,No,81,None,2023-01-01,2023-01-02
196,295995197,5891,4472,1419,70.95,On-Time,0.14,15,No,55,None,2023-01-01,2023-01-02
197,672964792,6756,5443,1313,65.65,Late,0.24,0,No,88,UDAAP,2023-01-01,2023-01-02
198,553094388,18770,10901,7869,393.45,On-Time,0.16,35,No,59,TILA,2023-01-01,2023-01-02
199,621669253,19478,16522,2956,147.8,Very Late,0.16,25,No,56,None,2023-01-01,2023-01-02
200,987059227,5674,3753,1921,96.05,Late,0.15,25,No,75,None,2023-01-01,2023-01-02
201,330519835,9898,8516,1382,69.1,On-Time,0.18,25,No,83,None,2023-01-01,2023-01-02
202,901312299,13147,10573,2574,128.7,Late,0.12,0,No,79,Late Fee Issues,2023-01-01,2023-01-02
203,815154771,3793,2457,1336,66.8,Late,0.18,35,No,85,None,2023-01-01,2023-01-02
204,712286237,5116,2994,2122,106.1,Late,0.18,15,No,70,None,2023-01-01,2023-01-02
205,672434365,8779,7210,1569,78.45,On-Time,0.21,35,Yes,66,None,2023-01-01,2023-01-02
206,268973642,15298,13404,1894,94.7,Very Late,0.23,15,No,82,None,2023-01-01,2023-01-02
207,419309439,17153,17125,28,1.4,Very Late,0.17,0,No,59,None,2023-01-01,2023-01-02
208,346703609,14111,13406,705,35.25,On-Time,0.15,0,Yes,96,TILA,2023-01-01,2023-01-02
209,624363766,13789,12769,1020,51.0,Late,0.14,15,No,91,None,2023-01-01,2023-01-02
210,727457371,14397,12334,2063,103.15,On-Time,0.13,15,No,61,None,2023-01-01,2023-01-02
211,556545752,15999,14553,1446,72.3,On-Time,0.11,15,No,65,None,2023-01-01,2023-01-02
212,392072678,3814,2202,1612,80.6,On-Time,0.15,35,No,90,None,2023-01-01,2023-01-02
213,773573053,19729,12781,6948,347.4,Late,0.14,15,Yes,81,UDAAP,2023-01-01,2023-01-02
214,572669408,13541,9877,3664,183.2,On-Time,0.24,0,No,64,None,2023-01-01,2023-01-02
215,195057280,5443,3784,1659,82.95,Late,0.18,0,No,76,None,2023-01-01,2023-01-02
216,734324250,13457,9855,3602,180.1,On-Time,0.15,25,No,77,None,2023-01-01,2023-01-02
217,860672189,13380,8318,5062,253.1,Very Late,0.19,15,No,66,None,2023-01-01,2023-01-02
218,102235000,10783,7098,3685,184.25,On-Time,0.12,35,No,95,None,2023-01-01,2023-01-02
219,392121203,14473,8101,6372,318.6,On-Time,0.17,35,No,99,None,2023-01-01,2023-01-02
220,540529868,18328,11223,7105,355.25,Very Late,0.19,35,No,51,None,2023-01-01,2023-01-02
221,575584232,3827,2507,1320,66.0,Late,0.17,25,Yes,85,None,2023-01-01,2023-01-02
222,335283714,10147,6566,3581,179.05,Late,0.16,0,Yes,99,None,2023-01-01,2023-01-02
223,129859174,7451,4689,2762,138.1,On-Time,0.25,35,No,56,None,2023-01-01,2023-01-02
224,807191493,18343,17771,572,28.6,Very Late,0.23,0,No,62,None,2023-01-01,2023-01-02
225,146159303,16635,8930,7705,385.25,Late,0.19,25,Yes,64,None,2023-01-01,2023-01-02
226,246412954,8959,4871,4088,204.4,On-Time,0.19,15,No,74,Late Fee Issues,2023-01-01,2023-01-02
227,819024776,3126,2512,614,30.7,Very Late,0.19,15,Yes,72,Late Fee Issues,2023-01-01,2023-01-02
228,926506464,11795,7745,4050,202.5,Late,0.13,15,No,71,None,2023-01-01,2023-01-02
229,614817842,14641,14316,325,16.25,Late,0.16,35,No,75,None,2023-01-01,2023-01-02
230,183375337,10196,6456,3740,187.0,Very Late,0.11,15,Yes,82,None,2023-01-01,2023-01-02
231,476304299,14559,7541,7018,350.9,Very Late,0.17,35,No,60,None,2023-01-01,2023-01-02
232,928540878,6368,6010,358,17.9,Very Late,0.18,25,No,59,Late Fee Issues,2023-01-01,2023-01-02
233,822804538,6797,4987,1810,90.5,Very Late,0.13,25,No,74,None,2023-01-01,2023-01-02
234,414404213,18114,16393,1721,86.05,On-Time,0.24,35,No,86,None,2023-01-01,2023-01-02
235,180705119,16718,15369,1349,67.45,Very Late,0.24,0,No,97,Late Fee Issues,2023-01-01,2023-01-02
236,349546199,4792,4628,164,8.2,Late,0.21,15,No,92,Late Fee Issues,2023-01-01,2023-01-02
237,971959784,14053,12457,1596,79.8,Late,0.18,15,No,87,None,2023-01-01,2023-01-02
238,760721331,6476,4849,1627,81.35,On-Time,0.23,15,No,90,None,2023-01-01,2023-01-02
239,588035440,6417,3572,2845,142.25,Late,0.12,35,No,94,None,2023-01-01,2023-01-02
240,378710077,4645,3469,1176,58.8,Late,0.22,25,No,73,None,2023-01-01,2023-01-02
241,116816569,17755,13947,3808,190.4,Very Late,0.12,15,Yes,89,TILA,2023-01-01,2023-01-02
242,107654909,6072,4922,1150,57.5,Late,0.22,25,No,95,Late Fee Issues,2023-01-01,2023-01-02
243,943120422,4854,4662,192,9.6,On-Time,0.14,15,No,82,None,2023-01-01,2023-01-02
244,318520688,7662,4988,2674,133.7,Very Late,0.23,15,No,66,None,2023-01-01,2023-01-02
245,736028516,9514,5669,3845,192.25,Very Late,0.24,35,No,73,Late Fee Issues,2023-01-01,2023-01-02
246,249638768,5708,3131,2577,128.85,On-Time,0.12,0,No,86,None,2023-01-01,2023-01-02
247,258428240,14694,7517,7177,358.85,Very Late,0.17,35,No,51,None,2023-01-01,2023-01-02
248,172073914,12524,12433,91,4.55,Very Late,0.25,15,No,81,None,2023-01-01,2023-01-02
249,570575216,9456,5222,4234,211.7,On-Time,0.17,15,Yes,73,None,2023-01-01,2023-01-02
250,111506305,7212,6732,480,24.0,Very Late,0.23,0,No,58,None,2023-01-01,2023-01-02
251,791648731,16224,9632,6592,329.6,On-Time,0.19,25,No,53,None,2023-01-01,2023-01-02
252,321099573,10970,5518,5452,272.6,On-Time,0.16,25,No,66,None,2023-01-01,2023-01-02
253,241951830,19920,11792,8128,406.4,Late,0.14,15,Yes,66,None,2023-01-01,2023-01-02
254,223035620,4625,3550,1075,53.75,Late,0.13,25,No,99,None,2023-01-01,2023-01-02
255,508327903,13314,10801,2513,125.65,Very Late,0.21,15,No,97,None,2023-01-01,2023-01-02
256,779746784,10973,10175,798,39.9,Very Late,0.16,0,Yes,79,None,2023-01-01,2023-01-02
257,677034624,11577,7007,4570,228.5,On-Time,0.18,0,No,89,Late Fee Issues,2023-01-01,2023-01-02
258,876124029,11070,7121,3949,197.45,Very Late,0.17,15,No,60,None,2023-01-01,2023-01-02
259,722318721,11666,11062,604,30.2,On-Time,0.19,0,No,70,None,2023-01-01,2023-01-02
260,232863028,6600,3621,2979,148.95,On-Time,0.23,35,No,70,None,2023-01-01,2023-01-02
261,949472217,9783,9186,597,29.85,Very Late,0.25,35,No,67,Late Fee Issues,2023-01-01,2023-01-02
262,327174085,16226,14694,1532,76.6,On-Time,0.16,0,No,78,None,2023-01-01,2023-01-02
263,498129398,12146,11633,513,25.65,Late,0.22,15,No,73,None,2023-01-01,2023-01-02
264,839316547,7971,6445,1526,76.3,Very Late,0.21,15,No,59,None,2023-01-01,2023-01-02
265,447262390,16490,14613,1877,93.85,Late,0.19,0,No,94,None,2023-01-01,2023-01-02
266,149905866,15951,11979,3972,198.6,Very Late,0.24,25,No,66,None,2023-01-01,2023-01-02
267,613911991,15312,11469,3843,192.15,On-Time,0.13,35,No,67,None,2023-01-01,2023-01-02
268,328233509,4990,3291,1699,84.95,Very Late,0.12,25,No,91,None,2023-01-01,2023-01-02
269,605874711,8299,7270,1029,51.45,Late,0.23,15,No,97,None,2023-01-01,2023-01-02
270,668249203,15997,11402,4595,229.75,On-Time,0.17,15,No,69,None,2023-01-01,2023-01-02
271,673505733,16472,10692,5780,289.0,Very Late,0.23,25,No,86,None,2023-01-01,2023-01-02
272,739196117,7380,6664,716,35.8,Very Late,0.23,0,Yes,94,None,2023-01-01,2023-01-02
273,253651082,7757,6616,1141,57.05,Very Late,0.11,25,Yes,67,None,2023-01-01,2023-01-02
274,385322750,13395,7791,5604,280.2,Late,0.23,25,No,66,None,2023-01-01,2023-01-02
275,487791599,19241,15155,4086,204.3,Late,0.17,35,No,58,None,2023-01-01,2023-01-02
276,307640719,8588,7923,665,33.25,Very Late,0.18,35,No,63,None,2023-01-01,2023-01-02
277,466371424,7944,4194,3750,187.5,On-Time,0.19,25,No,98,Late Fee Issues,2023-01-01,2023-01-02
278,747326920,16395,9784,6611,330.55,On-Time,0.24,25,No,78,UDAAP,2023-01-01,2023-01-02
279,403998075,7243,5035,2208,110.4,Late,0.1,15,No,80,None,2023-01-01,2023-01-02
280,135213498,12916,6503,6413,320.65,On-Time,0.17,35,No,53,None,2023-01-01,2023-01-02
281,901090885,12984,11905,1079,53.95,Late,0.2,35,No,67,None,2023-01-01,2023-01-02
282,941009615,4759,4532,227,11.35,Very Late,0.21,15,No,69,Late Fee Issues,2023-01-01,2023-01-02
283,275127900,12181,12033,148,7.4,Late,0.2,0,No,96,None,2023-01-01,2023-01-02
284,565397506,5482,4413,1069,53.45,Late,0.12,35,No,92,None,2023-01-01,2023-01-02
285,490382227,3951,2784,1167,58.35,Very Late,0.14,35,No,93,None,2023-01-01,2023-01-02
286,426241019,5079,4448,631,31.55,On-Time,0.15,0,No,58,None,2023-01-01,2023-01-02
287,862633146,5717,4354,1363,68.15,Late,0.22,35,No,62,Late Fee Issues,2023-01-01,2023-01-02
288,171244178,12692,8184,4508,225.4,Late,0.14,35,No,64,None,2023-01-01,2023-01-02
289,151939266,10311,8556,1755,87.75,Very Late,0.13,0,No,76,None,2023-01-01,2023-01-02
290,355555070,3768,3249,519,25.95,On-Time,0.24,0,No,64,Late Fee Issues,2023-01-01,2023-01-02
291,523767187,8490,4946,3544,177.2,Late,0.1,25,No,77,None,2023-01-01,2023-01-02
292,723512415,18534,11301,7233,361.65,Very Late,0.25,15,No,86,None,2023-01-01,2023-01-02
293,513075142,9645,8543,1102,55.1,Late,0.2,15,No,68,None,2023-01-01,2023-01-02
294,848898099,8232,7635,597,29.85,Very Late,0.22,0,No,75,UDAAP,2023-01-01,2023-01-02
295,918291176,14485,8730,5755,287.75,On-Time,0.14,0,Yes,75,None,2023-01-01,2023-01-02
296,920071328,8797,5524,3273,163.65,On-Time,0.1,35,No,74,None,2023-01-01,2023-01-02
297,733816999,15342,11293,4049,202.45,On-Time,0.21,25,No,75,None,2023-01-01,2023-01-02
298,687273855,11038,8433,2605,130.25,On-Time,0.23,25,No,75,None,2023-01-01,2023-01-02
299,176241446,19002,12746,6256,312.8,Late,0.21,0,No,95,None,2023-01-01,2023-01-02
300,901999185,16087,8829,7258,362.9,Late,0.12,35,No,77,None,2023-01-01,2023-01-02
301,476712039,7873,5685,2188,109.4,On-Time,0.21,35,No,98,None,2023-01-01,2023-01-02
302,690647936,4481,2557,1924,96.2,On-Time,0.22,15,No,67,TILA,2023-01-01,2023-01-02
303,854583306,13093,8268,4825,241.25,On-Time,0.2,15,No,81,None,2023-01-01,2023-01-02
304,491127003,17422,10868,6554,327.7,Late,0.21,35,No,52,None,2023-01-01,2023-01-02
305,587365080,19438,9839,9599,479.95,On-Time,0.23,15,No,51,None,2023-01-01,2023-01-02
306,997955761,10643,5797,4846,242.3,On-Time,0.19,0,No,82,None,2023-01-01,2023-01-02
307,850303382,18708,9522,9186,459.3,On-Time,0.11,35,No,91,TILA,2023-01-01,2023-01-02
308,278017694,14271,8592,5679,283.95,Very Late,0.17,15,No,68,None,2023-01-01,2023-01-02
309,646918365,15600,10802,4798,239.9,On-Time,0.11,25,No,66,None,2023-01-01,2023-01-02
310,940887593,13998,7393,6605,330.25,Very Late,0.16,35,No,93,None,2023-01-01,2023-01-02
311,134109026,17295,14309,2986,149.3,Very Late,0.16,35,No,82,None,2023-01-01,2023-01-02
312,787126267,13682,13282,400,20.0,On-Time,0.11,25,No,61,None,2023-01-01,2023-01-02
313,851425679,19380,16525,2855,142.75,Very Late,0.15,0,No,98,None,2023-01-01,2023-01-02
314,388717145,11519,9295,2224,111.2,On-Time,0.12,25,No,52,None,2023-01-01,2023-01-02
315,337085688,6300,6244,56,2.8,Late,0.22,35,No,92,None,2023-01-01,2023-01-02
316,171450611,9722,7847,1875,93.75,Late,0.24,0,No,98,None,2023-01-01,2023-01-02
317,227348283,10218,5675,4543,227.15,Late,0.11,15,No,75,None,2023-01-01,2023-01-02
318,146510960,6054,5852,202,10.1,Late,0.24,15,Yes,84,UDAAP,2023-01-01,2023-01-02
319,499873327,16575,12807,3768,188.4,Very Late,0.18,15,No,57,None,2023-01-01,2023-01-02
320,732286859,10970,6137,4833,241.65,On-Time,0.14,35,Yes,85,None,2023-01-01,2023-01-02
321,350368452,5143,4942,201,10.05,On-Time,0.11,25,No,56,None,2023-01-01,2023-01-02
322,746040612,12503,11150,1353,67.65,On-Time,0.18,0,No,95,None,2023-01-01,2023-01-02
323,669668767,18149,13162,4987,249.35,Late,0.22,15,No,95,None,2023-01-01,2023-01-02
324,671666426,15175,8578,6597,329.85,Late,0.21,0,No,85,TILA,2023-01-01,2023-01-02
325,910490870,11356,7045,4311,215.55,On-Time,0.11,35,No,65,None,2023-01-01,2023-01-02
326,482380040,18070,15136,2934,146.7,Late,0.11,15,No,73,Late Fee Issues,2023-01-01,2023-01-02
327,224001512,3822,3800,22,1.1,On-Time,0.16,35,No,50,None,2023-01-01,2023-01-02
328,526101858,17289,16080,1209,60.45,On-Time,0.14,25,No,98,None,2023-01-01,2023-01-02
329,960530322,9150,6854,2296,114.8,On-Time,0.13,35,No,74,TILA,2023-01-01,2023-01-02
330,515156431,7425,6677,748,37.4,On-Time,0.14,35,No,59,None,2023-01-01,2023-01-02
331,731833730,19032,18228,804,40.2,On-Time,0.22,25,No,65,UDAAP,2023-01-01,2023-01-02
332,556659347,5198,5065,133,6.65,On-Time,0.24,0,No,65,None,2023-01-01,2023-01-02
333,688781719,6452,6132,320,16.0,On-Time,0.16,25,No,57,TILA,2023-01-01,2023-01-02
334,763607349,12106,9669,2437,121.85,Late,0.24,25,No,78,None,2023-01-01,2023-01-02
335,228314487,16859,11718,5141,257.05,On-Time,0.15,35,No,88,None,2023-01-01,2023-01-02
336,691718048,11705,6737,4968,248.4,On-Time,0.17,0,No,77,None,2023-01-01,2023-01-02
337,710021271,13112,9441,3671,183.55,Late,0.13,15,No,55,None,2023-01-01,2023-01-02
338,533484403,7841,4105,3736,186.8,Late,0.2,25,No,65,None,2023-01-01,2023-01-02
339,461378378,18358,11066,7292,364.6,Late,0.25,0,No,69,None,2023-01-01,2023-01-02
340,897296240,4409,2311,2098,104.9,On-Time,0.19,25,No,65,None,2023-01-01,2023-01-02
341,794190023,7566,5343,2223,111.15,Very Late,0.15,25,No,56,None,2023-01-01,2023-01-02
342,251786915,14382,11465,2917,145.85,Very Late,0.2,25,No,90,None,2023-01-01,2023-01-02
343,738035365,17596,9152,8444,422.2,Late,0.12,25,No,63,None,2023-01-01,2023-01-02
344,825799015,3804,2839,965,48.25,Very Late,0.23,35,No,92,None,2023-01-01,2023-01-02
345,557109331,16221,8808,7413,370.65,Late,0.18,0,No,75,None,2023-01-01,2023-01-02
346,446546429,4279,3541,738,36.9,On-Time,0.17,0,No,75,None,2023-01-01,2023-01-02
347,139501026,16192,15063,1129,56.45,Very Late,0.19,0,No,63,None,2023-01-01,2023-01-02
348,625200495,10083,6819,3264,163.2,On-Time,0.19,25,Yes,56,None,2023-01-01,2023-01-02
349,535816957,14093,8658,5435,271.75,Very Late,0.11,35,No,82,TILA,2023-01-01,2023-01-02
350,916616920,15880,15579,301,15.05,On-Time,0.2,25,No,75,Late Fee Issues,2023-01-01,2023-01-02
351,802234722,18517,11826,6691,334.55,Very Late,0.14,25,No,94,None,2023-01-01,2023-01-02
352,121739356,5106,3129,1977,98.85,On-Time,0.21,0,Yes,69,None,2023-01-01,2023-01-02
353,245689489,19086,16323,2763,138.15,On-Time,0.22,25,No,52,None,2023-01-01,2023-01-02
354,790665343,7831,5005,2826,141.3,Very Late,0.22,15,No,53,None,2023-01-01,2023-01-02
355,337785965,6186,3871,2315,115.75,On-Time,0.18,25,No,75,None,2023-01-01,2023-01-02
356,309310033,5573,5023,550,27.5,On-Time,0.18,15,No,60,None,2023-01-01,2023-01-02
357,924183605,15808,10234,5574,278.7,On-Time,0.12,25,No,51,None,2023-01-01,2023-01-02
358,952225186,5599,4284,1315,65.75,Very Late,0.22,35,No,63,None,2023-01-01,2023-01-02
359,752668623,7033,5446,1587,79.35,Very Late,0.14,35,Yes,93,None,2023-01-01,2023-01-02
360,855593187,11428,9606,1822,91.1,On-Time,0.17,0,Yes,79,Late Fee Issues,2023-01-01,2023-01-02
361,177633091,4304,2480,1824,91.2,On-Time,0.14,25,No,98,None,2023-01-01,2023-01-02
362,423839252,11633,6373,5260,263.0,Very Late,0.12,15,Yes,61,Late Fee Issues,2023-01-01,2023-01-02
363,868037679,14372,11155,3217,160.85,Very Late,0.19,15,No,75,UDAAP,2023-01-01,2023-01-02
364,600229623,11996,8500,3496,174.8,On-Time,0.11,25,No,93,None,2023-01-01,2023-01-02
365,742668415,19458,15049,4409,220.45,On-Time,0.21,15,No,82,None,2023-01-01,2023-01-02
366,526161286,8475,7763,712,35.6,On-Time,0.15,35,No,62,None,2023-01-01,2023-01-02
367,776942224,10184,8009,2175,108.75,Late,0.1,15,No,63,UDAAP,2023-01-01,2023-01-02
368,349369215,15875,10469,5406,270.3,Very Late,0.18,0,No,73,UDAAP,2023-01-01,2023-01-02
369,393383200,4622,4352,270,13.5,Late,0.11,35,No,83,None,2023-01-01,2023-01-02
370,282708911,18988,17909,1079,53.95,Very Late,0.14,35,Yes,93,None,2023-01-01,2023-01-02
371,502330059,11041,8163,2878,143.9,Very Late,0.21,35,No,75,None,2023-01-01,2023-01-02
372,137856186,19725,14403,5322,266.1,Very Late,0.11,25,No,70,None,2023-01-01,2023-01-02
373,605585522,10992,6269,4723,236.15,Very Late,0.23,25,No,77,None,2023-01-01,2023-01-02
374,685544149,18646,9851,8795,439.75,Very Late,0.1,35,No,97,TILA,2023-01-01,2023-01-02
375,165293686,7263,6102,1161,58.05,Very Late,0.14,25,Yes,85,None,2023-01-01,2023-01-02
376,101983509,17060,9078,7982,399.1,Very Late,0.21,15,Yes,89,None,2023-01-01,2023-01-02
377,485992349,18156,11942,6214,310.7,Late,0.15,25,No,51,None,2023-01-01,2023-01-02
378,714600044,11646,6640,5006,250.3,On-Time,0.12,25,No,91,None,2023-01-01,2023-01-02
379,710085301,14664,10679,3985,199.25,On-Time,0.15,35,No,58,None,2023-01-01,2023-01-02
380,770439175,5969,5376,593,29.65,Late,0.14,0,No,72,None,2023-01-01,2023-01-02
381,663236122,6028,4633,1395,69.75,Late,0.23,0,No,64,TILA,2023-01-01,2023-01-02
382,891967770,6629,6030,599,29.95,Late,0.15,0,No,62,TILA,2023-01-01,2023-01-02
383,292463073,6067,5554,513,25.65,Late,0.22,15,No,72,None,2023-01-01,2023-01-02
384,529833492,8941,7875,1066,53.3,Very Late,0.23,25,No,66,Late Fee Issues,2023-01-01,2023-01-02
385,111326237,14555,11669,2886,144.3,On-Time,0.17,0,No,97,None,2023-01-01,2023-01-02
386,723214176,16081,10028,6053,302.65,Very Late,0.24,35,No,51,None,2023-01-01,2023-01-02
387,430299675,9819,7166,2653,132.65,On-Time,0.16,0,No,69,None,2023-01-01,2023-01-02
388,825523310,14046,9141,4905,245.25,On-Time,0.24,0,No,69,None,2023-01-01,2023-01-02
389,590345952,5711,3531,2180,109.0,Late,0.11,25,No,95,TILA,2023-01-01,2023-01-02
390,938562244,7853,4387,3466,173.3,Very Late,0.2,25,No,52,None,2023-01-01,2023-01-02
391,232166290,10715,9627,1088,54.4,Late,0.17,25,No,61,None,2023-01-01,2023-01-02
392,409255683,11942,7557,4385,219.25,Very Late,0.16,15,Yes,89,None,2023-01-01,2023-01-02
393,204436258,18507,13643,4864,243.2,On-Time,0.19,15,No,51,None,2023-01-01,2023-01-02
394,179688895,18826,16312,2514,125.7,Late,0.21,0,No,85,None,2023-01-01,2023-01-02
395,724798768,4762,4292,470,23.5,Late,0.1,25,No,63,None,2023-01-01,2023-01-02
396,287276799,18850,16654,2196,109.8,On-Time,0.13,0,No,65,None,2023-01-01,2023-01-02
397,860684560,15112,10929,4183,209.15,On-Time,0.21,35,No,68,None,2023-01-01,2023-01-02
398,918013403,15652,8161,7491,374.55,On-Time,0.2,35,Yes,83,Late Fee Issues,2023-01-01,2023-01-02
399,975866588,9122,8333,789,39.45,Late,0.24,25,No,93,None,2023-01-01,2023-01-02
400,226960685,3481,2054,1427,71.35,Very Late,0.21,25,No,95,None,2023-01-01,2023-01-02
401,808087156,17536,16227,1309,65.45,Late,0.24,35,No,55,None,2023-01-01,2023-01-02
402,673352453,3153,1748,1405,70.25,Very Late,0.21,25,No,62,None,2023-01-01,2023-01-02
403,616077666,10617,9753,864,43.2,Late,0.14,15,No,85,None,2023-01-01,2023-01-02
404,166385640,4524,3231,1293,64.65,Late,0.12,15,No,71,None,2023-01-01,2023-01-02
405,972186916,5120,5097,23,1.15,On-Time,0.22,25,Yes,67,TILA,2023-01-01,2023-01-02
406,865872407,18048,15045,3003,150.15,Very Late,0.2,35,No,61,None,2023-01-01,2023-01-02
407,446819932,5343,3457,1886,94.3,Late,0.11,0,No,79,Late Fee Issues,2023-01-01,2023-01-02
408,865295088,8136,7826,310,15.5,Late,0.15,25,No,89,UDAAP,2023-01-01,2023-01-02
409,326623789,4240,2756,1484,74.2,On-Time,0.24,25,No,56,None,2023-01-01,2023-01-02
410,410493790,3060,1829,1231,61.55,On-Time,0.18,0,No,81,None,2023-01-01,2023-01-02
411,542422240,12130,8342,3788,189.4,Very Late,0.16,25,No,97,None,2023-01-01,2023-01-02
412,423609715,15312,12601,2711,135.55,Late,0.17,0,No,68,UDAAP,2023-01-01,2023-01-02
413,290906558,16350,9769,6581,329.05,Very Late,0.13,35,No,55,TILA,2023-01-01,2023-01-02
414,339216892,15418,7713,7705,385.25,Late,0.16,15,Yes,69,None,2023-01-01,2023-01-02
415,680240340,4252,3547,705,35.25,Very Late,0.16,35,No,76,None,2023-01-01,2023-01-02
416,919956639,11363,5908,5455,272.75,On-Time,0.11,15,No,92,None,2023-01-01,2023-01-02
417,534378710,12650,12229,421,21.05,Late,0.22,0,No,86,UDAAP,2023-01-01,2023-01-02
418,179348896,19314,18368,946,47.3,Very Late,0.16,15,Yes,97,UDAAP,2023-01-01,2023-01-02
419,387427839,7090,5904,1186,59.3,On-Time,0.22,35,No,56,None,2023-01-01,2023-01-02
420,827965823,9960,8126,1834,91.7,On-Time,0.23,15,No,54,None,2023-01-01,2023-01-02
421,626936081,6004,4440,1564,78.2,Very Late,0.13,0,No,60,None,2023-01-01,2023-01-02
422,343959576,19713,12381,7332,366.6,Late,0.2,15,No,64,None,2023-01-01,2023-01-02
423,721445097,6640,5792,848,42.4,Late,0.17,25,No,52,Late Fee Issues,2023-01-01,2023-01-02
424,899528670,4341,2752,1589,79.45,On-Time,0.23,35,Yes,54,None,2023-01-01,2023-01-02
425,504642357,14855,9441,5414,270.7,Late,0.13,25,No,72,None,2023-01-01,2023-01-02
426,941941561,3338,3297,41,2.05,Late,0.2,0,No,86,None,2023-01-01,2023-01-02
427,873166402,8895,6948,1947,97.35,Late,0.19,15,No,58,UDAAP,2023-01-01,2023-01-02
428,400910439,15254,13946,1308,65.4,On-Time,0.14,25,No,64,None,2023-01-01,2023-01-02
429,402434989,14344,11358,2986,149.3,Very Late,0.12,25,No,52,None,2023-01-01,2023-01-02
430,517369879,4750,4364,386,19.3,Late,0.2,15,Yes,78,None,2023-01-01,2023-01-02
431,997299057,5421,3386,2035,101.75,On-Time,0.21,15,No,55,UDAAP,2023-01-01,2023-01-02
432,593952287,10119,8958,1161,58.05,On-Time,0.15,35,Yes,66,Late Fee Issues,2023-01-01,2023-01-02
433,835055790,8319,5061,3258,162.9,Very Late,0.2,25,No,75,None,2023-01-01,2023-01-02
434,566634390,18896,12775,6121,306.05,Late,0.16,25,No,70,None,2023-01-01,2023-01-02
435,701656257,14918,7865,7053,352.65,Late,0.21,0,No,57,None,2023-01-01,2023-01-02
436,117882750,16849,12038,4811,240.55,Very Late,0.13,35,No,70,None,2023-01-01,2023-01-02
437,178725274,7873,5395,2478,123.9,Very Late,0.23,0,No,60,None,2023-01-01,2023-01-02
438,294521577,7806,5205,2601,130.05,On-Time,0.14,25,No,87,TILA,2023-01-01,2023-01-02
439,647063169,11592,7659,3933,196.65,On-Time,0.16,0,No,57,None,2023-01-01,2023-01-02
440,411603161,15182,7599,7583,379.15,Very Late,0.11,25,No,91,Late Fee Issues,2023-01-01,2023-01-02
441,523783527,19774,18335,1439,71.95,Late,0.12,25,No,73,None,2023-01-01,2023-01-02
442,946176160,15045,8876,6169,308.45,On-Time,0.18,0,No,84,None,2023-01-01,2023-01-02
443,686784136,7430,3988,3442,172.1,On-Time,0.14,0,No,63,None,2023-01-01,2023-01-02
444,969662506,11820,7340,4480,224.0,Late,0.23,15,No,63,None,2023-01-01,2023-01-02
445,997265909,7232,7177,55,2.75,On-Time,0.1,15,No,59,None,2023-01-01,2023-01-02
446,570260911,14122,10798,3324,166.2,Late,0.16,15,No,61,None,2023-01-01,2023-01-02
447,326860070,18023,11246,6777,338.85,Late,0.15,25,No,87,None,2023-01-01,2023-01-02
448,287225564,11007,10902,105,5.25,Late,0.1,0,No,93,None,2023-01-01,2023-01-02
449,299759529,12018,8817,3201,160.05,Very Late,0.12,35,No,95,None,2023-01-01,2023-01-02
450,354954230,4500,3831,669,33.45,Very Late,0.16,25,No,83,UDAAP,2023-01-01,2023-01-02
451,829203225,9737,5266,4471,223.55,Very Late,0.17,35,No,90,None,2023-01-01,2023-01-02
452,358185058,6294,5552,742,37.1,Late,0.16,0,No,59,Late Fee Issues,2023-01-01,2023-01-02
453,126658609,7497,6531,966,48.3,Late,0.18,25,No,66,None,2023-01-01,2023-01-02
454,602821784,3614,3307,307,15.35,Very Late,0.19,35,No,66,None,2023-01-01,2023-01-02
455,578947735,12374,10236,2138,106.9,On-Time,0.1,35,No,52,None,2023-01-01,2023-01-02
456,801112844,5667,4866,801,40.05,Late,0.17,15,No,80,Late Fee Issues,2023-01-01,2023-01-02
457,450444347,16409,16300,109,5.45,On-Time,0.24,15,No,50,None,2023-01-01,2023-01-02
458,148715257,19514,15882,3632,181.6,On-Time,0.18,15,No,61,None,2023-01-01,2023-01-02
459,122268806,5983,4319,1664,83.2,Late,0.2,25,Yes,88,None,2023-01-01,2023-01-02
460,106512440,15651,8923,6728,336.4,Late,0.15,0,No,53,None,2023-01-01,2023-01-02
461,649302307,11230,6795,4435,221.75,On-Time,0.22,0,No,91,None,2023-01-01,2023-01-02
462,307426220,9640,7725,1915,95.75,On-Time,0.22,15,No,62,None,2023-01-01,2023-01-02
463,934400275,14779,10516,4263,213.15,Very Late,0.18,15,No,83,None,2023-01-01,2023-01-02
464,744090176,18317,17761,556,27.8,Very Late,0.25,15,No,91,Late Fee Issues,2023-01-01,2023-01-02
465,404688903,10564,5564,5000,250.0,Late,0.12,35,No,70,None,2023-01-01,2023-01-02
466,967441151,18520,18416,104,5.2,Very Late,0.1,15,No,71,None,2023-01-01,2023-01-02
467,730431725,16737,14690,2047,102.35,Very Late,0.22,35,No,53,None,2023-01-01,2023-01-02
468,296678031,12323,12178,145,7.25,Very Late,0.22,0,No,67,None,2023-01-01,2023-01-02
469,318049165,18229,17356,873,43.65,Very Late,0.12,25,No,54,None,2023-01-01,2023-01-02
470,701318347,14713,14415,298,14.9,On-Time,0.14,25,No,68,None,2023-01-01,2023-01-02
471,686766194,11502,8264,3238,161.9,Late,0.1,25,Yes,51,UDAAP,2023-01-01,2023-01-02
472,477936342,3545,1809,1736,86.8,Very Late,0.14,25,Yes,61,Late Fee Issues,2023-01-01,2023-01-02
473,218613134,7346,6701,645,32.25,On-Time,0.22,35,No,66,Late Fee Issues,2023-01-01,2023-01-02
474,639374683,12996,8263,4733,236.65,On-Time,0.18,35,No,59,None,2023-01-01,2023-01-02
475,438722145,18775,12393,6382,319.1,On-Time,0.15,15,No,83,None,2023-01-01,2023-01-02
476,503649345,16919,14408,2511,125.55,Very Late,0.16,35,No,55,None,2023-01-01,2023-01-02
477,909490207,6810,4310,2500,125.0,Very Late,0.1,15,No,57,None,2023-01-01,2023-01-02
478,436210646,10206,9423,783,39.15,Late,0.14,15,No,60,None,2023-01-01,2023-01-02
479,838846654,12005,7013,4992,249.6,Very Late,0.2,25,Yes,61,None,2023-01-01,2023-01-02
480,254370901,19371,19001,370,18.5,Very Late,0.25,35,No,58,None,2023-01-01,2023-01-02
481,435663154,15316,14830,486,24.3,On-Time,0.23,35,No,51,None,2023-01-01,2023-01-02
482,765898681,11436,9399,2037,101.85,Late,0.1,15,No,57,None,2023-01-01,2023-01-02
483,283157310,15984,9676,6308,315.4,Very Late,0.23,15,No,60,None,2023-01-01,2023-01-02
484,256943484,3271,2123,1148,57.4,Very Late,0.22,0,No,85,None,2023-01-01,2023-01-02
485,481966485,13616,12256,1360,68.0,On-Time,0.22,0,No,59,None,2023-01-01,2023-01-02
486,490125881,7361,7170,191,9.55,On-Time,0.17,15,No,70,None,2023-01-01,2023-01-02
487,574184249,10069,5244,4825,241.25,Very Late,0.16,0,No,69,None,2023-01-01,2023-01-02
488,230997589,6430,4169,2261,113.05,Late,0.15,0,No,97,Late Fee Issues,2023-01-01,2023-01-02
489,101079600,15676,13055,2621,131.05,Late,0.11,15,No,57,None,2023-01-01,2023-01-02
490,260409267,13816,12860,956,47.8,On-Time,0.13,15,No,85,None,2023-01-01,2023-01-02
491,266793897,5050,4670,380,19.0,On-Time,0.14,35,No,78,None,2023-01-01,2023-01-02
492,411817029,14692,7876,6816,340.8,Very Late,0.17,15,No,91,None,2023-01-01,2023-01-02
493,328773646,4165,3368,797,39.85,On-Time,0.21,15,No,61,Late Fee Issues,2023-01-01,2023-01-02
494,573265205,5033,4795,238,11.9,Very Late,0.17,25,No,63,None,2023-01-01,2023-01-02
495,259267818,3145,1590,1555,77.75,Late,0.11,35,No,97,None,2023-01-01,2023-01-02
496,645720763,17269,10426,6843,342.15,Late,0.24,35,No,99,Late Fee Issues,2023-01-01,2023-01-02
497,429214564,10832,9727,1105,55.25,Very Late,0.24,35,Yes,70,None,2023-01-01,2023-01-02
498,195534048,17286,15900,1386,69.3,On-Time,0.22,25,No,71,None,2023-01-01,2023-01-02
499,434444807,5632,3080,2552,127.6,Late,0.25,15,Yes,70,None,2023-01-01,2023-01-02
500,185871668,7494,5245,2249,112.45,On-Time,0.18,35,No,93,None,2023-01-01,2023-01-02
501,192526139,18152,16485,1667,83.35,Late,0.24,35,No,99,None,2023-01-01,2023-01-02
502,627810564,12155,8023,4132,206.6,Very Late,0.11,0,No,79,None,2023-01-01,2023-01-02
503,990197094,13426,10735,2691,134.55,Very Late,0.15,35,No,88,UDAAP,2023-01-01,2023-01-02
504,466564547,13233,9561,3672,183.6,Very Late,0.13,15,No,69,None,2023-01-01,2023-01-02
505,495236101,4828,2832,1996,99.8,Late,0.13,15,No,73,None,2023-01-01,2023-01-02
506,321971308,15260,13835,1425,71.25,On-Time,0.12,0,No,72,None,2023-01-01,2023-01-02
507,934855903,12130,9318,2812,140.6,On-Time,0.19,35,No,56,TILA,2023-01-01,2023-01-02
508,234667123,7805,5052,2753,137.65,On-Time,0.22,35,No,58,Late Fee Issues,2023-01-01,2023-01-02
509,793009757,3806,2607,1199,59.95,Late,0.19,35,No,50,None,2023-01-01,2023-01-02
510,274526510,11202,8610,2592,129.6,Late,0.12,25,No,75,None,2023-01-01,2023-01-02
511,956898402,4868,3378,1490,74.5,Late,0.22,35,No,87,None,2023-01-01,2023-01-02
512,690256950,17561,16337,1224,61.2,Late,0.2,15,No,87,None,2023-01-01,2023-01-02
513,694221991,18512,15925,2587,129.35,Late,0.16,15,No,93,None,2023-01-01,2023-01-02
514,670137231,17899,10185,7714,385.7,On-Time,0.2,25,Yes,71,None,2023-01-01,2023-01-02
515,170009467,19220,16156,3064,153.2,Late,0.14,25,No,93,None,2023-01-01,2023-01-02
516,413345693,18934,11130,7804,390.2,Late,0.15,35,No,59,TILA,2023-01-01,2023-01-02
517,276383634,8429,7597,832,41.6,On-Time,0.24,0,No,55,None,2023-01-01,2023-01-02
518,294073232,12076,7384,4692,234.6,Late,0.14,25,No,66,UDAAP,2023-01-01,2023-01-02
519,739180919,6564,4124,2440,122.0,On-Time,0.17,25,No,99,None,2023-01-01,2023-01-02
520,189473854,4389,3690,699,34.95,On-Time,0.23,35,No,87,None,2023-01-01,2023-01-02
521,888215570,14593,12947,1646,82.3,Very Late,0.21,35,No,73,None,2023-01-01,2023-01-02
522,911626075,10274,9834,440,22.0,Very Late,0.11,25,No,59,None,2023-01-01,2023-01-02
523,436967606,13745,7789,5956,297.8,Very Late,0.12,0,No,57,None,2023-01-01,2023-01-02
524,103695961,17199,14832,2367,118.35,Very Late,0.1,25,No,70,None,2023-01-01,2023-01-02
525,208880612,18876,12180,6696,334.8,Late,0.19,35,No,55,None,2023-01-01,2023-01-02
526,891707097,11245,7959,3286,164.3,Very Late,0.17,35,No,70,None,2023-01-01,2023-01-02
527,447346749,10214,5551,4663,233.15,On-Time,0.12,25,No,88,None,2023-01-01,2023-01-02
528,469281814,3726,2808,918,45.9,Late,0.24,0,No,73,None,2023-01-01,2023-01-02
529,865854846,16832,12501,4331,216.55,Very Late,0.18,25,No,82,None,2023-01-01,2023-01-02
530,941702792,14362,13058,1304,65.2,On-Time,0.14,25,Yes,67,None,2023-01-01,2023-01-02
531,909600907,13106,10072,3034,151.7,Late,0.18,35,No,77,TILA,2023-01-01,2023-01-02
532,782697716,10657,6969,3688,184.4,Late,0.2,0,No,81,None,2023-01-01,2023-01-02
533,349939584,17551,14289,3262,163.1,Very Late,0.11,15,No,61,None,2023-01-01,2023-01-02
534,844293433,10906,5778,5128,256.4,Late,0.14,0,No,97,None,2023-01-01,2023-01-02
535,809587577,10287,8180,2107,105.35,On-Time,0.22,25,No,91,None,2023-01-01,2023-01-02
536,771891968,3892,3000,892,44.6,Late,0.17,25,No,76,UDAAP,2023-01-01,2023-01-02
537,926146542,13222,11382,1840,92.0,On-Time,0.18,25,No,59,None,2023-01-01,2023-01-02
538,101043233,7675,7451,224,11.2,Late,0.16,0,No,95,None,2023-01-01,2023-01-02
539,311426941,4933,3091,1842,92.1,Very Late,0.11,35,No,91,None,2023-01-01,2023-01-02
540,503182709,14873,12126,2747,137.35,On-Time,0.12,25,No,81,None,2023-01-01,2023-01-02
541,885403480,16239,11562,4677,233.85,Late,0.17,25,No,91,UDAAP,2023-01-01,2023-01-02
542,788042471,13874,9610,4264,213.2,Late,0.13,0,No,75,None,2023-01-01,2023-01-02
543,892911084,8016,4883,3133,156.65,Late,0.11,15,No,74,None,2023-01-01,2023-01-02
544,228565108,16774,15309,1465,73.25,On-Time,0.23,15,No,60,None,2023-01-01,2023-01-02
545,693867648,12752,8643,4109,205.45,On-Time,0.25,35,No,72,None,2023-01-01,2023-01-02
546,979889679,18585,16374,2211,110.55,On-Time,0.22,35,Yes,83,None,2023-01-01,2023-01-02
547,171709884,10291,7487,2804,140.2,Very Late,0.23,25,No,89,None,2023-01-01,2023-01-02
548,774788031,3974,2104,1870,93.5,Very Late,0.14,0,No,72,None,2023-01-01,2023-01-02
549,333448894,7133,5590,1543,77.15,On-Time,0.24,25,No,78,Late Fee Issues,2023-01-01,2023-01-02
550,897459012,17663,15974,1689,84.45,Late,0.13,35,No,80,None,2023-01-01,2023-01-02
551,579836949,6972,5401,1571,78.55,Very Late,0.24,0,No,56,None,2023-01-01,2023-01-02
552,828426742,8295,5016,3279,163.95,On-Time,0.25,0,No,89,None,2023-01-01,2023-01-02
553,304939202,16913,13372,3541,177.05,Late,0.21,35,No,82,UDAAP,2023-01-01,2023-01-02
554,383627673,12105,7294,4811,240.55,Very Late,0.25,15,Yes,70,None,2023-01-01,2023-01-02
555,555149199,11228,8205,3023,151.15,Late,0.19,15,No,51,None,2023-01-01,2023-01-02
556,781381298,12903,12085,818,40.9,Late,0.14,0,No,67,None,2023-01-01,2023-01-02
557,133698788,6020,3869,2151,107.55,Late,0.17,25,No,96,None,2023-01-01,2023-01-02
558,616103253,11987,7466,4521,226.05,Late,0.19,15,No,82,None,2023-01-01,2023-01-02
559,161819576,15880,14756,1124,56.2,Very Late,0.11,25,No,86,None,2023-01-01,2023-01-02
560,494620188,8233,7104,1129,56.45,Very Late,0.19,15,No,83,None,2023-01-01,2023-01-02
561,598528205,12516,10814,1702,85.1,Very Late,0.25,15,No,69,None,2023-01-01,2023-01-02
562,494274011,17559,15558,2001,100.05,On-Time,0.13,25,No,84,None,2023-01-01,2023-01-02
563,297579844,19701,12789,6912,345.6,Very Late,0.22,35,Yes,99,Late Fee Issues,2023-01-01,2023-01-02
564,504401198,5396,5120,276,13.8,Late,0.24,15,No,67,UDAAP,2023-01-01,2023-01-02
565,274928880,4591,2785,1806,90.3,Very Late,0.24,15,No,95,None,2023-01-01,2023-01-02
566,363768157,14303,11356,2947,147.35,Late,0.24,25,No,73,None,2023-01-01,2023-01-02
567,552949741,9183,5974,3209,160.45,On-Time,0.18,35,No,57,None,2023-01-01,2023-01-02
568,974703859,4312,2160,2152,107.6,Late,0.25,15,Yes,79,None,2023-01-01,2023-01-02
569,853037764,10314,5673,4641,232.05,Late,0.21,15,No,93,Late Fee Issues,2023-01-01,2023-01-02
570,173706383,5139,2712,2427,121.35,Late,0.12,35,No,59,None,2023-01-01,2023-01-02
571,520194521,17688,9577,8111,405.55,On-Time,0.17,15,No,72,None,2023-01-01,2023-01-02
572,157399769,9924,9380,544,27.2,Very Late,0.21,35,No,98,None,2023-01-01,2023-01-02
573,344439380,3362,3009,353,17.65,Very Late,0.14,35,No,60,None,2023-01-01,2023-01-02
574,513623907,16481,15942,539,26.95,On-Time,0.2,25,No,51,None,2023-01-01,2023-01-02
575,843896352,6738,3956,2782,139.1,Late,0.2,0,No,75,None,2023-01-01,2023-01-02
576,889636829,5469,3911,1558,77.9,Very Late,0.12,35,No,85,None,2023-01-01,2023-01-02
577,743273060,19106,13491,5615,280.75,On-Time,0.18,25,No,82,None,2023-01-01,2023-01-02
578,737822998,19940,16984,2956,147.8,Very Late,0.22,0,No,96,None,2023-01-01,2023-01-02
579,306411513,12017,8295,3722,186.1,On-Time,0.17,15,No,62,Late Fee Issues,2023-01-01,2023-01-02
580,597572361,5808,3975,1833,91.65,Late,0.1,0,Yes,89,None,2023-01-01,2023-01-02
581,955324405,19370,14283,5087,254.35,Very Late,0.1,35,No,74,TILA,2023-01-01,2023-01-02
582,680222788,17870,11410,6460,323.0,On-Time,0.15,35,No,53,None,2023-01-01,2023-01-02
583,687037795,15713,13543,2170,108.5,Very Late,0.24,35,No,91,None,2023-01-01,2023-01-02
584,294579233,10561,7170,3391,169.55,Very Late,0.13,35,No,68,None,2023-01-01,2023-01-02
585,146787763,5719,2873,2846,142.3,Very Late,0.2,35,No,67,Late Fee Issues,2023-01-01,2023-01-02
586,635207134,14700,13084,1616,80.8,Very Late,0.13,25,No,86,TILA,2023-01-01,2023-01-02
587,165732489,6741,5223,1518,75.9,On-Time,0.15,35,No,79,None,2023-01-01,2023-01-02
588,640564217,12766,8149,4617,230.85,Late,0.23,25,No,68,TILA,2023-01-01,2023-01-02
589,887852946,6998,4431,2567,128.35,On-Time,0.21,15,Yes,72,Late Fee Issues,2023-01-01,2023-01-02
590,113470137,19077,9969,9108,455.4,On-Time,0.11,35,No,65,None,2023-01-01,2023-01-02
591,104466271,3294,2578,716,35.8,On-Time,0.16,35,Yes,50,None,2023-01-01,2023-01-02
592,557370368,13177,6719,6458,322.9,Late,0.1,0,No,61,Late Fee Issues,2023-01-01,2023-01-02
593,269124855,12882,10126,2756,137.8,Very Late,0.17,15,No,73,Late Fee Issues,2023-01-01,2023-01-02
594,781583940,4136,2200,1936,96.8,Very Late,0.2,35,No,83,None,2023-01-01,2023-01-02
595,890118380,5064,4505,559,27.95,Very Late,0.12,35,No,57,UDAAP,2023-01-01,2023-01-02
596,799798019,10009,9041,968,48.4,Late,0.14,15,No,67,None,2023-01-01,2023-01-02
597,597576975,15987,8690,7297,364.85,Very Late,0.16,25,No,97,None,2023-01-01,2023-01-02
598,403090455,7543,4179,3364,168.2,Late,0.24,35,Yes,54,None,2023-01-01,2023-01-02
599,932758095,4007,2087,1920,96.0,Very Late,0.25,0,No,75,None,2023-01-01,2023-01-02
600,711686134,8445,5242,3203,160.15,Very Late,0.11,35,No,79,None,2023-01-01,2023-01-02
601,934304257,13706,7207,6499,324.95,On-Time,0.21,0,No,62,None,2023-01-01,2023-01-02
602,213865200,17749,12576,5173,258.65,Late,0.16,0,No,68,UDAAP,2023-01-01,2023-01-02
603,603365595,14718,13829,889,44.45,On-Time,0.16,35,No,78,None,2023-01-01,2023-01-02
604,468403327,12439,11647,792,39.6,On-Time,0.21,35,Yes,52,None,2023-01-01,2023-01-02
605,685848991,16281,12823,3458,172.9,On-Time,0.24,0,No,75,None,2023-01-01,2023-01-02
606,917032666,4435,3454,981,49.05,Late,0.24,15,No,89,None,2023-01-01,2023-01-02
607,318825555,3571,2333,1238,61.9,Late,0.19,15,No,61,TILA,2023-01-01,2023-01-02
608,424159127,5382,4581,801,40.05,Very Late,0.15,35,No,51,None,2023-01-01,2023-01-02
609,860932235,8084,8042,42,2.1,On-Time,0.22,25,No,60,Late Fee Issues,2023-01-01,2023-01-02
610,693435313,19661,16312,3349,167.45,Very Late,0.14,15,No,93,None,2023-01-01,2023-01-02
611,415109026,16507,8502,8005,400.25,On-Time,0.18,35,No,77,None,2023-01-01,2023-01-02
612,715418235,10059,8282,1777,88.85,Late,0.15,15,No,67,None,2023-01-01,2023-01-02
613,651904800,15771,12570,3201,160.05,Late,0.2,25,No,62,None,2023-01-01,2023-01-02
614,994439328,10491,10142,349,17.45,Late,0.14,35,No,86,None,2023-01-01,2023-01-02
615,362869948,17527,16944,583,29.15,On-Time,0.13,25,No,71,None,2023-01-01,2023-01-02
616,295922610,17859,14482,3377,168.85,Late,0.24,35,No,61,None,2023-01-01,2023-01-02
617,403394218,11073,7672,3401,170.05,On-Time,0.12,25,No,51,None,2023-01-01,2023-01-02
618,922335076,12077,6633,5444,272.2,Very Late,0.18,15,No,86,None,2023-01-01,2023-01-02
619,640906763,14383,11198,3185,159.25,On-Time,0.13,15,No,56,None,2023-01-01,2023-01-02
620,684556354,19378,14093,5285,264.25,Very Late,0.11,25,No,75,None,2023-01-01,2023-01-02
621,402480960,5353,4191,1162,58.1,On-Time,0.11,25,No,75,None,2023-01-01,2023-01-02
622,750622119,7799,5123,2676,133.8,Very Late,0.13,25,No,73,Late Fee Issues,2023-01-01,2023-01-02
623,767225929,14939,14641,298,14.9,Late,0.23,35,Yes,61,None,2023-01-01,2023-01-02
624,987702570,5428,3489,1939,96.95,Very Late,0.14,15,No,65,None,2023-01-01,2023-01-02
625,940916523,14296,13508,788,39.4,Late,0.24,35,No,72,UDAAP,2023-01-01,2023-01-02
626,202912284,10813,5868,4945,247.25,Late,0.19,15,No,89,None,2023-01-01,2023-01-02
627,397904524,17414,14525,2889,144.45,Very Late,0.17,0,No,58,None,2023-01-01,2023-01-02
628,532838238,14801,13424,1377,68.85,On-Time,0.19,35,No,81,None,2023-01-01,2023-01-02
629,646573613,14745,9472,5273,263.65,On-Time,0.18,15,Yes,64,None,2023-01-01,2023-01-02
630,178262145,16025,14076,1949,97.45,On-Time,0.21,15,No,86,Late Fee Issues,2023-01-01,2023-01-02
631,267345404,6356,5479,877,43.85,On-Time,0.14,35,No,62,Late Fee Issues,2023-01-01,2023-01-02
632,505629426,17288,12054,5234,261.7,On-Time,0.15,35,No,54,UDAAP,2023-01-01,2023-01-02
633,607896561,9540,5798,3742,187.1,Late,0.23,15,No,60,None,2023-01-01,2023-01-02
634,886008098,19422,12520,6902,345.1,On-Time,0.24,35,No,59,None,2023-01-01,2023-01-02
635,471747542,6342,3203,3139,156.95,Late,0.23,25,Yes,62,None,2023-01-01,2023-01-02
636,405752912,12078,9586,2492,124.6,Late,0.16,35,No,90,None,2023-01-01,2023-01-02
637,768823641,5844,3089,2755,137.75,Late,0.22,35,No,95,None,2023-01-01,2023-01-02
638,396248071,13396,7654,5742,287.1,Very Late,0.17,35,No,99,None,2023-01-01,2023-01-02
639,681524060,16998,12758,4240,212.0,Very Late,0.17,15,No,64,None,2023-01-01,2023-01-02
640,507486361,16261,13939,2322,116.1,Late,0.13,25,No,91,None,2023-01-01,2023-01-02
641,880024777,6093,3537,2556,127.8,Very Late,0.19,0,No,56,Late Fee Issues,2023-01-01,2023-01-02
642,199952217,14722,9424,5298,264.9,On-Time,0.13,0,No,89,Late Fee Issues,2023-01-01,2023-01-02
643,489229565,14645,7749,6896,344.8,On-Time,0.15,25,Yes,77,None,2023-01-01,2023-01-02
644,376890017,18083,16222,1861,93.05,Late,0.23,25,Yes,81,None,2023-01-01,2023-01-02
645,145932658,3988,2134,1854,92.7,On-Time,0.13,25,No,84,None,2023-01-01,2023-01-02
646,236815208,9446,7580,1866,93.3,Late,0.11,15,No,64,Late Fee Issues,2023-01-01,2023-01-02
647,607514051,19335,15288,4047,202.35,Late,0.11,0,No,97,None,2023-01-01,2023-01-02
648,928457785,19133,11552,7581,379.05,On-Time,0.24,25,No,85,None,2023-01-01,2023-01-02
649,944979700,4682,3584,1098,54.9,Very Late,0.18,15,No,70,None,2023-01-01,2023-01-02
650,522352497,8626,6892,1734,86.7,On-Time,0.16,0,Yes,55,None,2023-01-01,2023-01-02
651,653805292,10424,5761,4663,233.15,On-Time,0.22,35,Yes,50,None,2023-01-01,2023-01-02
652,901647690,15857,9948,5909,295.45,Late,0.23,15,Yes,53,None,2023-01-01,2023-01-02
653,647488156,15155,11739,3416,170.8,Late,0.15,0,No,60,None,2023-01-01,2023-01-02
654,268303991,14425,9799,4626,231.3,Late,0.2,15,No,93,None,2023-01-01,2023-01-02
655,821322712,4980,2774,2206,110.3,Late,0.22,0,No,75,None,2023-01-01,2023-01-02
656,329698836,18522,10929,7593,379.65,Very Late,0.2,0,Yes,86,None,2023-01-01,2023-01-02
657,237587448,11984,11304,680,34.0,Very Late,0.12,35,No,72,Late Fee Issues,2023-01-01,2023-01-02
658,306037667,18883,10720,8163,408.15,Very Late,0.23,15,No,78,None,2023-01-01,2023-01-02
659,862097033,8390,6320,2070,103.5,Late,0.18,25,No,70,Late Fee Issues,2023-01-01,2023-01-02
660,845052004,4607,3537,1070,53.5,Late,0.14,35,Yes,97,None,2023-01-01,2023-01-02
661,102640328,9573,7844,1729,86.45,Late,0.16,35,No,94,None,2023-01-01,2023-01-02
662,394292375,8776,6585,2191,109.55,Very Late,0.11,0,No,94,None,2023-01-01,2023-01-02
663,344103359,6676,6009,667,33.35,Late,0.12,25,No,98,None,2023-01-01,2023-01-02
664,426093538,6380,4768,1612,80.6,On-Time,0.21,15,No,76,None,2023-01-01,2023-01-02
665,798437615,11711,11031,680,34.0,On-Time,0.1,25,No,88,None,2023-01-01,2023-01-02
666,648423203,11782,10810,972,48.6,Late,0.16,25,No,89,None,2023-01-01,2023-01-02
667,624063697,16997,14151,2846,142.3,On-Time,0.18,25,No,62,None,2023-01-01,2023-01-02
668,100070640,9342,7210,2132,106.6,On-Time,0.11,25,No,72,Late Fee Issues,2023-01-01,2023-01-02
669,213442790,9059,6596,2463,123.15,Very Late,0.25,25,No,65,TILA,2023-01-01,2023-01-02
670,445933919,11884,9355,2529,126.45,Late,0.13,0,No,79,None,2023-01-01,2023-01-02
671,489998231,8655,6152,2503,125.15,Late,0.15,0,No,53,UDAAP,2023-01-01,2023-01-02
672,603011990,15091,10169,4922,246.1,Very Late,0.15,35,No,89,None,2023-01-01,2023-01-02
673,876346813,18251,13859,4392,219.6,On-Time,0.13,0,Yes,65,None,2023-01-01,2023-01-02
674,365715423,3526,2391,1135,56.75,On-Time,0.1,35,Yes,80,Late Fee Issues,2023-01-01,2023-01-02
675,565629220,6224,4971,1253,62.65,Late,0.21,35,No,91,None,2023-01-01,2023-01-02
676,868773488,18069,14902,3167,158.35,On-Time,0.25,15,No,74,None,2023-01-01,2023-01-02
677,872427446,14536,11539,2997,149.85,Very Late,0.13,25,No,93,None,2023-01-01,2023-01-02
678,103741196,16547,10026,6521,326.05,Very Late,0.2,0,No,61,Late Fee Issues,2023-01-01,2023-01-02
679,119511512,4763,2611,2152,107.6,Late,0.21,15,No,75,Late Fee Issues,2023-01-01,2023-01-02
680,542913640,11712,9984,1728,86.4,Very Late,0.23,0,Yes,86,None,2023-01-01,2023-01-02
681,648591389,8797,6773,2024,101.2,Very Late,0.16,35,No,97,None,2023-01-01,2023-01-02
682,755209744,12208,11879,329,16.45,Late,0.15,0,No,82,None,2023-01-01,2023-01-02
683,247435376,8109,5623,2486,124.3,Very Late,0.15,25,Yes,77,None,2023-01-01,2023-01-02
684,122558781,19500,18345,1155,57.75,Very Late,0.21,35,No,58,None,2023-01-01,2023-01-02
685,428382319,5433,3543,1890,94.5,Very Late,0.22,35,No,61,None,2023-01-01,2023-01-02
686,699655128,19967,15490,4477,223.85,On-Time,0.13,15,No,54,None,2023-01-01,2023-01-02
687,400860757,7167,4982,2185,109.25,Late,0.16,25,No,77,None,2023-01-01,2023-01-02
688,304591500,11357,6419,4938,246.9,Late,0.24,35,No,84,None,2023-01-01,2023-01-02
689,725017530,9154,6837,2317,115.85,Late,0.22,25,No,54,None,2023-01-01,2023-01-02
690,529431826,11920,8299,3621,181.05,On-Time,0.25,0,Yes,83,TILA,2023-01-01,2023-01-02
691,697866672,3213,2818,395,19.75,On-Time,0.21,25,No,95,None,2023-01-01,2023-01-02
692,329717603,6762,3802,2960,148.0,Late,0.16,35,No,83,None,2023-01-01,2023-01-02
693,146547339,16399,13888,2511,125.55,On-Time,0.19,15,No,62,None,2023-01-01,2023-01-02
694,995678908,12768,12319,449,22.45,Late,0.2,35,No,88,None,2023-01-01,2023-01-02
695,767360488,13640,12286,1354,67.7,On-Time,0.11,25,No,91,None,2023-01-01,2023-01-02
696,517226642,9731,8438,1293,64.65,Very Late,0.18,25,No,94,None,2023-01-01,2023-01-02
697,492073291,8791,6326,2465,123.25,Very Late,0.21,35,Yes,97,None,2023-01-01,2023-01-02
698,550564360,18822,15647,3175,158.75,Late,0.13,25,No,63,None,2023-01-01,2023-01-02
699,397699782,11783,7502,4281,214.05,On-Time,0.22,0,No,60,None,2023-01-01,2023-01-02
700,988203035,16621,8411,8210,410.5,On-Time,0.19,35,No,91,None,2023-01-01,2023-01-02
701,959259597,19019,16260,2759,137.95,Very Late,0.24,15,No,87,UDAAP,2023-01-01,2023-01-02
702,859220958,5720,4561,1159,57.95,Very Late,0.11,35,No,53,None,2023-01-01,2023-01-02
703,961601151,11905,11683,222,11.1,On-Time,0.14,0,No,82,None,2023-01-01,2023-01-02
704,415413330,12127,12125,2,0.1,On-Time,0.19,0,No,56,None,2023-01-01,2023-01-02
705,666236526,19385,11255,8130,406.5,On-Time,0.14,0,No,90,None,2023-01-01,2023-01-02
706,457703823,9368,8109,1259,62.95,On-Time,0.21,0,No,57,None,2023-01-01,2023-01-02
707,952317044,17056,8866,8190,409.5,On-Time,0.21,0,No,86,None,2023-01-01,2023-01-02
708,493866308,15236,10287,4949,247.45,On-Time,0.12,15,No,59,None,2023-01-01,2023-01-02
709,285588834,17451,13128,4323,216.15,Late,0.18,25,No,92,None,2023-01-01,2023-01-02
710,539980427,13433,7660,5773,288.65,On-Time,0.18,0,No,64,None,2023-01-01,2023-01-02
711,437861656,18525,15957,2568,128.4,Very Late,0.16,0,No,87,None,2023-01-01,2023-01-02
712,330652851,3089,2388,701,35.05,Late,0.24,35,No,64,None,2023-01-01,2023-01-02
713,840961146,13361,11476,1885,94.25,On-Time,0.22,15,No,54,None,2023-01-01,2023-01-02
714,110198499,19369,12309,7060,353.0,Very Late,0.2,15,No,78,None,2023-01-01,2023-01-02
715,942649140,6041,4026,2015,100.75,Late,0.21,25,No,68,None,2023-01-01,2023-01-02
716,278580630,3105,1943,1162,58.1,Very Late,0.17,15,No,59,None,2023-01-01,2023-01-02
717,234415503,12078,10779,1299,64.95,On-Time,0.24,35,No,61,Late Fee Issues,2023-01-01,2023-01-02
718,270158648,9090,6752,2338,116.9,On-Time,0.2,35,Yes,53,None,2023-01-01,2023-01-02
719,587326758,9082,8006,1076,53.8,On-Time,0.21,25,No,80,Late Fee Issues,2023-01-01,2023-01-02
720,491727212,4925,4211,714,35.7,On-Time,0.23,35,No,67,None,2023-01-01,2023-01-02
721,877084596,9917,8970,947,47.35,Late,0.14,0,No,65,None,2023-01-01,2023-01-02
722,347212966,3552,2905,647,32.35,Late,0.22,0,No,89,None,2023-01-01,2023-01-02
723,312724958,6911,3836,3075,153.75,Very Late,0.13,35,No,85,TILA,2023-01-01,2023-01-02
724,339964793,6389,3658,2731,136.55,On-Time,0.15,25,No,74,None,2023-01-01,2023-01-02
725,922617220,16629,15760,869,43.45,Very Late,0.15,15,No,72,None,2023-01-01,2023-01-02
726,691434966,5430,4360,1070,53.5,Late,0.25,25,No,61,None,2023-01-01,2023-01-02
727,297206748,3458,3365,93,4.65,On-Time,0.23,15,No,83,None,2023-01-01,2023-01-02
728,533426666,16395,13408,2987,149.35,On-Time,0.21,35,No,85,None,2023-01-01,2023-01-02
729,984039498,3207,2648,559,27.95,Late,0.21,35,No,86,TILA,2023-01-01,2023-01-02
730,602798993,3899,2124,1775,88.75,Late,0.18,0,No,52,UDAAP,2023-01-01,2023-01-02
731,714144587,14653,12393,2260,113.0,Late,0.24,15,No,58,None,2023-01-01,2023-01-02
732,907582728,19405,10778,8627,431.35,Late,0.17,25,No,67,TILA,2023-01-01,2023-01-02
733,149437769,11601,6654,4947,247.35,Late,0.16,35,No,92,None,2023-01-01,2023-01-02
734,473507001,3894,3387,507,25.35,On-Time,0.12,25,No,84,None,2023-01-01,2023-01-02
735,607742699,3514,2679,835,41.75,Late,0.22,0,No,83,None,2023-01-01,2023-01-02
736,601947280,7109,4411,2698,134.9,On-Time,0.21,15,No,90,None,2023-01-01,2023-01-02
737,534318588,16258,11958,4300,215.0,On-Time,0.16,15,No,63,UDAAP,2023-01-01,2023-01-02
738,480021989,18313,11789,6524,326.2,Late,0.1,35,No,53,None,2023-01-01,2023-01-02
739,461235974,18349,15205,3144,157.2,Late,0.23,15,No,78,None,2023-01-01,2023-01-02
740,856307117,10179,6592,3587,179.35,On-Time,0.1,35,No,90,None,2023-01-01,2023-01-02
741,963155852,13326,8131,5195,259.75,Late,0.21,0,No,94,None,2023-01-01,2023-01-02
742,412514729,14787,14711,76,3.8,Late,0.25,15,No,99,None,2023-01-01,2023-01-02
743,729863816,4560,3745,815,40.75,Late,0.17,35,No,64,UDAAP,2023-01-01,2023-01-02
744,408636593,16612,10059,6553,327.65,Very Late,0.14,25,No,77,Late Fee Issues,2023-01-01,2023-01-02
745,709442586,7780,4095,3685,184.25,On-Time,0.21,35,No,91,None,2023-01-01,2023-01-02
746,985803641,14894,14789,105,5.25,Very Late,0.22,15,No,65,None,2023-01-01,2023-01-02
747,729662913,5356,2758,2598,129.9,Late,0.18,0,No,61,None,2023-01-01,2023-01-02
748,449390340,7790,4243,3547,177.35,Very Late,0.25,15,No,54,None,2023-01-01,2023-01-02
749,157235484,19690,16817,2873,143.65,Late,0.11,15,Yes,83,None,2023-01-01,2023-01-02
750,464375204,13181,9835,3346,167.3,Very Late,0.18,35,No,91,None,2023-01-01,2023-01-02
751,449204103,10057,6909,3148,157.4,Late,0.21,25,No,50,None,2023-01-01,2023-01-02
752,633738991,19082,18838,244,12.2,Very Late,0.23,15,No,88,None,2023-01-01,2023-01-02
753,585926252,3661,3084,577,28.85,Very Late,0.13,25,No,81,None,2023-01-01,2023-01-02
754,618154048,7644,6239,1405,70.25,Very Late,0.22,35,No,75,None,2023-01-01,2023-01-02
755,659891797,18711,9538,9173,458.65,On-Time,0.18,25,No,66,None,2023-01-01,2023-01-02
756,369722099,5920,3156,2764,138.2,Very Late,0.16,35,No,97,None,2023-01-01,2023-01-02
757,947176190,19002,11265,7737,386.85,On-Time,0.12,0,No,76,TILA,2023-01-01,2023-01-02
758,777289286,17025,8692,8333,416.65,Late,0.23,25,No,73,None,2023-01-01,2023-01-02
759,494659116,11946,11054,892,44.6,Very Late,0.12,25,No,84,Late Fee Issues,2023-01-01,2023-01-02
760,114509187,15732,10245,5487,274.35,Late,0.15,0,No,95,None,2023-01-01,2023-01-02
761,530434083,9236,6837,2399,119.95,Late,0.14,25,No,91,None,2023-01-01,2023-01-02
762,642280773,19309,14669,4640,232.0,Very Late,0.23,0,No,88,None,2023-01-01,2023-01-02
763,994131451,16518,13558,2960,148.0,On-Time,0.2,15,No,75,Late Fee Issues,2023-01-01,2023-01-02
764,458632862,3352,3201,151,7.55,Very Late,0.22,35,No,98,None,2023-01-01,2023-01-02
765,216595132,10005,8536,1469,73.45,Late,0.14,0,No,87,None,2023-01-01,2023-01-02
766,649702507,17036,13662,3374,168.7,Late,0.19,25,Yes,72,None,2023-01-01,2023-01-02
767,350844341,19542,10695,8847,442.35,Very Late,0.19,0,No,71,None,2023-01-01,2023-01-02
768,980830630,3956,3507,449,22.45,On-Time,0.22,25,No,53,None,2023-01-01,2023-01-02
769,848277850,5071,3824,1247,62.35,On-Time,0.24,15,No,98,TILA,2023-01-01,2023-01-02
770,771536985,11595,11553,42,2.1,Late,0.1,0,Yes,58,None,2023-01-01,2023-01-02
771,444682002,18140,10217,7923,396.15,Late,0.2,15,No,53,None,2023-01-01,2023-01-02
772,577589542,15803,10681,5122,256.1,On-Time,0.11,35,No,56,None,2023-01-01,2023-01-02
773,892214653,6453,4793,1660,83.0,Very Late,0.18,25,No,72,None,2023-01-01,2023-01-02
774,115814828,9675,4984,4691,234.55,Late,0.14,25,No,51,None,2023-01-01,2023-01-02
775,148763532,3955,2916,1039,51.95,On-Time,0.15,15,Yes,98,None,2023-01-01,2023-01-02
776,766587889,9295,7071,2224,111.2,Late,0.15,35,No,73,None,2023-01-01,2023-01-02
777,406974333,18921,16811,2110,105.5,Very Late,0.19,0,No,89,None,2023-01-01,2023-01-02
778,341820729,18282,17325,957,47.85,On-Time,0.15,0,No,80,None,2023-01-01,2023-01-02
779,610319067,7703,4653,3050,152.5,Late,0.21,25,No,96,Late Fee Issues,2023-01-01,2023-01-02
780,173851335,9563,9003,560,28.0,Very Late,0.16,15,No,80,None,2023-01-01,2023-01-02
781,604771388,15003,13673,1330,66.5,Late,0.11,15,No,96,None,2023-01-01,2023-01-02
782,412632190,13817,12505,1312,65.6,Very Late,0.22,0,Yes,89,None,2023-01-01,2023-01-02
783,740853352,14171,12350,1821,91.05,Very Late,0.14,35,No,97,None,2023-01-01,2023-01-02
784,877558402,15582,12580,3002,150.1,On-Time,0.16,35,No,92,None,2023-01-01,2023-01-02
785,458066124,15201,11798,3403,170.15,Very Late,0.2,0,No,83,None,2023-01-01,2023-01-02
786,745202424,15473,9827,5646,282.3,Late,0.15,0,No,73,None,2023-01-01,2023-01-02
787,636315070,12461,7516,4945,247.25,Very Late,0.11,15,No,98,UDAAP,2023-01-01,2023-01-02
788,253382256,18596,13222,5374,268.7,Very Late,0.16,35,No,75,None,2023-01-01,2023-01-02
789,456015512,3529,2926,603,30.15,On-Time,0.24,0,No,65,None,2023-01-01,2023-01-02
790,609379383,15765,10136,5629,281.45,Very Late,0.2,0,No,96,None,2023-01-01,2023-01-02
791,221848736,16910,12209,4701,235.05,Very Late,0.2,25,No,62,None,2023-01-01,2023-01-02
792,900306292,14561,10753,3808,190.4,Late,0.19,0,No,64,None,2023-01-01,2023-01-02
793,323807545,12131,9254,2877,143.85,On-Time,0.13,0,No,76,Late Fee Issues,2023-01-01,2023-01-02
794,152203051,3525,2039,1486,74.3,On-Time,0.16,35,No,53,None,2023-01-01,2023-01-02
795,340539820,19385,13995,5390,269.5,On-Time,0.21,15,No,65,None,2023-01-01,2023-01-02
796,285370428,3374,2629,745,37.25,Very Late,0.12,35,No,79,None,2023-01-01,2023-01-02
797,412185646,15197,14640,557,27.85,On-Time,0.14,15,No,93,None,2023-01-01,2023-01-02
798,706205076,7648,5537,2111,105.55,Very Late,0.14,25,No,79,None,2023-01-01,2023-01-02
799,286404943,5365,4424,941,47.05,Very Late,0.16,0,No,85,None,2023-01-01,2023-01-02
800,218975349,4646,2350,2296,114.8,Late,0.25,25,No,52,None,2023-01-01,2023-01-02
801,850087380,3013,1744,1269,63.45,Late,0.11,15,Yes,71,None,2023-01-01,2023-01-02
802,826346491,7599,6660,939,46.95,Late,0.18,35,Yes,98,None,2023-01-01,2023-01-02
803,416953828,5278,3668,1610,80.5,Late,0.13,35,No,71,UDAAP,2023-01-01,2023-01-02
804,112842659,17296,10996,6300,315.0,Late,0.25,25,No,99,None,2023-01-01,2023-01-02
805,331302370,6155,3373,2782,139.1,Very Late,0.12,15,No,99,Late Fee Issues,2023-01-01,2023-01-02
806,939284370,11321,9596,1725,86.25,Very Late,0.16,25,No,98,None,2023-01-01,2023-01-02
807,423988920,6814,5830,984,49.2,On-Time,0.21,25,No,61,None,2023-01-01,2023-01-02
808,199204497,16125,14538,1587,79.35,Very Late,0.21,0,No,70,None,2023-01-01,2023-01-02
809,813889838,6216,4880,1336,66.8,Very Late,0.16,25,Yes,53,None,2023-01-01,2023-01-02
810,655762920,5113,3239,1874,93.7,Late,0.15,0,No,80,None,2023-01-01,2023-01-02
811,940734221,13238,10101,3137,156.85,Very Late,0.16,0,No,93,None,2023-01-01,2023-01-02
812,291100046,16760,9573,7187,359.35,Late,0.14,35,No,80,None,2023-01-01,2023-01-02
813,978497182,15588,15556,32,1.6,On-Time,0.13,0,No,72,TILA,2023-01-01,2023-01-02
814,647857780,6374,4558,1816,90.8,On-Time,0.17,0,Yes,69,None,2023-01-01,2023-01-02
815,945786677,9430,6016,3414,170.7,Very Late,0.14,35,No,64,None,2023-01-01,2023-01-02
816,462127221,14970,13814,1156,57.8,On-Time,0.14,25,No,72,None,2023-01-01,2023-01-02
817,676392450,3629,2551,1078,53.9,Very Late,0.2,15,No,77,Late Fee Issues,2023-01-01,2023-01-02
818,749218703,19653,11401,8252,412.6,On-Time,0.25,15,No,65,None,2023-01-01,2023-01-02
819,295190712,13831,9903,3928,196.4,Late,0.19,15,No,86,None,2023-01-01,2023-01-02
820,809761994,8724,7181,1543,77.15,Late,0.11,25,No,70,None,2023-01-01,2023-01-02
821,232985867,14083,13812,271,13.55,Late,0.11,0,No,64,None,2023-01-01,2023-01-02
822,996369993,16149,9760,6389,319.45,Late,0.24,15,No,66,TILA,2023-01-01,2023-01-02
823,960760799,12472,7177,5295,264.75,Very Late,0.14,25,No,99,None,2023-01-01,2023-01-02
824,348523535,9276,5200,4076,203.8,On-Time,0.11,0,No,86,None,2023-01-01,2023-01-02
825,702428359,18635,12733,5902,295.1,Very Late,0.19,35,No,62,TILA,2023-01-01,2023-01-02
826,720716389,8895,6143,2752,137.6,Late,0.19,15,Yes,68,None,2023-01-01,2023-01-02
827,983289035,16994,14285,2709,135.45,Very Late,0.2,0,No,79,None,2023-01-01,2023-01-02
828,558513815,13552,12398,1154,57.7,On-Time,0.14,15,No,94,None,2023-01-01,2023-01-02
829,615965595,19959,14738,5221,261.05,Very Late,0.1,15,No,67,None,2023-01-01,2023-01-02
830,467907188,9099,4694,4405,220.25,On-Time,0.24,15,No,63,None,2023-01-01,2023-01-02
831,217601287,12499,8646,3853,192.65,Very Late,0.14,0,No,85,None,2023-01-01,2023-01-02
832,828769657,6178,4863,1315,65.75,On-Time,0.2,25,No,85,None,2023-01-01,2023-01-02
833,907974235,9116,7371,1745,87.25,On-Time,0.21,0,No,69,None,2023-01-01,2023-01-02
834,730708899,18563,10034,8529,426.45,Late,0.19,15,No,68,None,2023-01-01,2023-01-02
835,693858183,6568,3942,2626,131.3,On-Time,0.15,0,No,94,Late Fee Issues,2023-01-01,2023-01-02
836,543894457,12847,12838,9,0.45,Late,0.14,35,No,93,None,2023-01-01,2023-01-02
837,459300273,17135,12991,4144,207.2,Late,0.19,25,No,56,None,2023-01-01,2023-01-02
838,168452891,4742,3232,1510,75.5,Late,0.23,0,No,93,None,2023-01-01,2023-01-02
839,433867739,3619,2997,622,31.1,Very Late,0.24,35,No,53,None,2023-01-01,2023-01-02
840,573928548,4939,3595,1344,67.2,Very Late,0.12,25,No,83,None,2023-01-01,2023-01-02
841,142734307,19001,18271,730,36.5,Very Late,0.12,35,No,51,None,2023-01-01,2023-01-02
842,972912794,3968,2376,1592,79.6,Very Late,0.24,25,No,54,None,2023-01-01,2023-01-02
843,951098101,17846,12956,4890,244.5,On-Time,0.21,0,No,59,None,2023-01-01,2023-01-02
844,238795966,3281,2311,970,48.5,On-Time,0.23,35,No,81,None,2023-01-01,2023-01-02
845,255032720,18360,16712,1648,82.4,Very Late,0.13,15,No,91,None,2023-01-01,2023-01-02
846,227833288,9262,5034,4228,211.4,On-Time,0.19,35,No,90,None,2023-01-01,2023-01-02
847,355669152,4058,2452,1606,80.3,On-Time,0.21,25,No,62,UDAAP,2023-01-01,2023-01-02
848,792377588,13724,11594,2130,106.5,Late,0.2,0,No,88,None,2023-01-01,2023-01-02
849,373997523,8178,6074,2104,105.2,Late,0.16,25,No,54,None,2023-01-01,2023-01-02
850,541444812,9980,5509,4471,223.55,Late,0.1,35,No,59,None,2023-01-01,2023-01-02
851,893414363,12200,9804,2396,119.8,Late,0.19,35,No,59,TILA,2023-01-01,2023-01-02
852,190012399,4229,3959,270,13.5,On-Time,0.14,15,No,87,None,2023-01-01,2023-01-02
853,798434460,11467,9961,1506,75.3,Very Late,0.17,0,No,76,None,2023-01-01,2023-01-02
854,672025740,5289,3131,2158,107.9,On-Time,0.24,0,No,70,None,2023-01-01,2023-01-02
855,791177005,4239,4164,75,3.75,On-Time,0.16,35,No,57,Late Fee Issues,2023-01-01,2023-01-02
856,427278114,8370,5141,3229,161.45,On-Time,0.23,0,No,50,None,2023-01-01,2023-01-02
857,411545084,19170,12905,6265,313.25,Late,0.13,15,No,77,None,2023-01-01,2023-01-02
858,918327941,3125,3085,40,2.0,Late,0.2,25,No,98,Late Fee Issues,2023-01-01,2023-01-02
859,958134097,15504,10218,5286,264.3,Late,0.25,0,No,88,Late Fee Issues,2023-01-01,2023-01-02
860,815709298,18398,15709,2689,134.45,Very Late,0.12,35,No,63,TILA,2023-01-01,2023-01-02
861,448590788,9638,7312,2326,116.3,On-Time,0.1,25,No,70,None,2023-01-01,2023-01-02
862,587114542,9570,6760,2810,140.5,Very Late,0.17,25,No,79,None,2023-01-01,2023-01-02
863,826607768,6249,3733,2516,125.8,Late,0.11,15,No,70,None,2023-01-01,2023-01-02
864,822598337,12110,8639,3471,173.55,Very Late,0.21,35,No,98,None,2023-01-01,2023-01-02
865,455401737,10595,10583,12,0.6,On-Time,0.24,0,No,58,None,2023-01-01,2023-01-02
866,884812855,16605,10667,5938,296.9,On-Time,0.17,35,No,66,None,2023-01-01,2023-01-02
867,644006941,15115,7896,7219,360.95,Late,0.14,25,No,54,None,2023-01-01,2023-01-02
868,598490609,9294,5673,3621,181.05,Late,0.17,35,No,80,None,2023-01-01,2023-01-02
869,321568250,8757,5074,3683,184.15,Very Late,0.21,0,No,89,None,2023-01-01,2023-01-02
870,294212716,15595,12122,3473,173.65,Late,0.1,0,No,87,None,2023-01-01,2023-01-02
871,807957764,4969,3755,1214,60.7,Late,0.19,15,No,92,None,2023-01-01,2023-01-02
872,213245302,13985,10863,3122,156.1,On-Time,0.19,0,No,68,None,2023-01-01,2023-01-02
873,792585463,7470,4006,3464,173.2,Late,0.2,0,No,85,None,2023-01-01,2023-01-02
874,643156000,13225,12573,652,32.6,Late,0.14,35,Yes,99,None,2023-01-01,2023-01-02
875,218550901,12556,6757,5799,289.95,On-Time,0.21,35,No,82,None,2023-01-01,2023-01-02
876,360074560,12206,11586,620,31.0,On-Time,0.11,25,No,62,None,2023-01-01,2023-01-02
877,746035632,12991,9201,3790,189.5,Very Late,0.13,15,No,63,None,2023-01-01,2023-01-02
878,644339722,10519,8874,1645,82.25,Late,0.23,35,No,82,Late Fee Issues,2023-01-01,2023-01-02
879,504288340,16669,12157,4512,225.6,On-Time,0.21,0,No,78,None,2023-01-01,2023-01-02
880,662171966,7612,6949,663,33.15,Very Late,0.1,25,No,92,None,2023-01-01,2023-01-02
881,714135000,15373,11882,3491,174.55,Very Late,0.14,35,No,98,Late Fee Issues,2023-01-01,2023-01-02
882,440007738,18552,12678,5874,293.7,Late,0.13,15,No,85,None,2023-01-01,2023-01-02
883,495647770,17646,13958,3688,184.4,Late,0.14,15,No,93,UDAAP,2023-01-01,2023-01-02
884,396702640,8238,6859,1379,68.95,Very Late,0.14,25,No,59,Late Fee Issues,2023-01-01,2023-01-02
885,479368908,18577,14334,4243,212.15,On-Time,0.11,25,No,80,None,2023-01-01,2023-01-02
886,372781216,18504,11997,6507,325.35,Very Late,0.17,25,No,55,UDAAP,2023-01-01,2023-01-02
887,258148712,6719,4994,1725,86.25,Late,0.21,25,No,50,None,2023-01-01,2023-01-02
888,807894370,3302,2901,401,20.05,On-Time,0.19,25,No,56,None,2023-01-01,2023-01-02
889,674890494,15144,12491,2653,132.65,On-Time,0.2,0,No,76,None,2023-01-01,2023-01-02
890,200532608,13055,7444,5611,280.55,Very Late,0.11,0,No,70,None,2023-01-01,2023-01-02
891,158720660,7440,5409,2031,101.55,Late,0.24,35,No,77,TILA,2023-01-01,2023-01-02
892,342130927,6072,5844,228,11.4,Very Late,0.23,15,No,65,None,2023-01-01,2023-01-02
893,423664694,16598,12675,3923,196.15,Very Late,0.22,0,No,95,None,2023-01-01,2023-01-02
894,592728837,17287,8828,8459,422.95,Very Late,0.22,0,No,72,None,2023-01-01,2023-01-02
895,923407067,16965,11053,5912,295.6,On-Time,0.24,0,No,69,None,2023-01-01,2023-01-02
896,370157776,12519,7389,5130,256.5,On-Time,0.18,35,No,87,None,2023-01-01,2023-01-02
897,247516100,16380,10941,5439,271.95,Late,0.13,25,No,74,None,2023-01-01,2023-01-02
898,800791554,14865,10644,4221,211.05,Late,0.19,35,No,77,Late Fee Issues,2023-01-01,2023-01-02
899,338077364,11125,9400,1725,86.25,Very Late,0.21,15,No,54,None,2023-01-01,2023-01-02
900,465714454,6291,5179,1112,55.6,Very Late,0.21,15,No,70,Late Fee Issues,2023-01-01,2023-01-02
901,181550308,7033,3607,3426,171.3,Very Late,0.18,15,No,67,None,2023-01-01,2023-01-02
902,936512420,8105,5430,2675,133.75,Late,0.11,15,No,96,None,2023-01-01,2023-01-02
903,130413513,11133,5662,5471,273.55,On-Time,0.16,0,No,55,None,2023-01-01,2023-01-02
904,527982281,19958,15174,4784,239.2,On-Time,0.24,0,No,78,None,2023-01-01,2023-01-02
905,649113938,8704,7424,1280,64.0,Very Late,0.19,35,No,68,None,2023-01-01,2023-01-02
906,961330509,10848,9616,1232,61.6,Very Late,0.18,25,No,82,Late Fee Issues,2023-01-01,2023-01-02
907,980662984,15975,11599,4376,218.8,Very Late,0.14,15,No,50,None,2023-01-01,2023-01-02
908,654735469,9924,5386,4538,226.9,Very Late,0.16,35,No,94,UDAAP,2023-01-01,2023-01-02
909,106195200,3488,2652,836,41.8,Late,0.23,0,No,52,None,2023-01-01,2023-01-02
910,976392498,10114,5630,4484,224.2,On-Time,0.2,0,No,91,None,2023-01-01,2023-01-02
911,206222252,18740,9932,8808,440.4,Very Late,0.22,25,No,70,None,2023-01-01,2023-01-02
912,556016588,6173,6027,146,7.3,Late,0.17,25,No,84,UDAAP,2023-01-01,2023-01-02
913,990035971,4667,4147,520,26.0,Very Late,0.19,25,Yes,90,None,2023-01-01,2023-01-02
914,650703552,7114,6485,629,31.45,Very Late,0.14,35,No,89,Late Fee Issues,2023-01-01,2023-01-02
915,837448816,6553,4072,2481,124.05,On-Time,0.21,0,No,52,Late Fee Issues,2023-01-01,2023-01-02
916,130061031,10761,10473,288,14.4,Very Late,0.16,0,No,74,None,2023-01-01,2023-01-02
917,607356959,4000,2591,1409,70.45,On-Time,0.17,25,No,94,None,2023-01-01,2023-01-02
918,301418785,18638,10433,8205,410.25,On-Time,0.2,15,No,87,None,2023-01-01,2023-01-02
919,564555355,8450,8194,256,12.8,On-Time,0.24,25,No,94,None,2023-01-01,2023-01-02
920,180197726,6712,4991,1721,86.05,Late,0.11,35,No,69,None,2023-01-01,2023-01-02
921,587726151,4367,2944,1423,71.15,Late,0.22,25,No,93,None,2023-01-01,2023-01-02
922,195282726,11189,5863,5326,266.3,On-Time,0.14,25,No,94,None,2023-01-01,2023-01-02
923,836901273,12013,7060,4953,247.65,Very Late,0.17,35,No,83,None,2023-01-01,2023-01-02
924,187220897,19838,16848,2990,149.5,On-Time,0.1,25,No,70,None,2023-01-01,2023-01-02
925,195856757,6726,5531,1195,59.75,Very Late,0.15,0,No,97,None,2023-01-01,2023-01-02
926,449487874,7806,7343,463,23.15,On-Time,0.18,15,No,72,None,2023-01-01,2023-01-02
927,186601594,5190,4921,269,13.45,Very Late,0.11,25,No,55,None,2023-01-01,2023-01-02
928,348151345,12108,10864,1244,62.2,Late,0.17,35,No,62,None,2023-01-01,2023-01-02
929,538866187,15178,11955,3223,161.15,Very Late,0.24,15,No,98,Late Fee Issues,2023-01-01,2023-01-02
930,385124544,5875,3205,2670,133.5,On-Time,0.12,35,No,72,None,2023-01-01,2023-01-02
931,322938165,8592,5122,3470,173.5,Late,0.21,15,No,58,None,2023-01-01,2023-01-02
932,361726596,15592,11425,4167,208.35,Very Late,0.16,15,No,66,None,2023-01-01,2023-01-02
933,479710429,11927,7958,3969,198.45,Very Late,0.2,25,No,51,None,2023-01-01,2023-01-02
934,643973085,17437,16131,1306,65.3,Very Late,0.14,0,No,68,None,2023-01-01,2023-01-02
935,279606266,14530,12409,2121,106.05,Very Late,0.12,25,No,68,TILA,2023-01-01,2023-01-02
936,759203896,10010,7608,2402,120.1,Very Late,0.12,35,No,56,None,2023-01-01,2023-01-02
937,486357648,14207,8361,5846,292.3,Late,0.11,35,No,91,None,2023-01-01,2023-01-02
938,675591023,5989,5493,496,24.8,Late,0.13,15,No,91,None,2023-01-01,2023-01-02
939,223620654,15040,11641,3399,169.95,Late,0.2,15,Yes,69,None,2023-01-01,2023-01-02
940,832445590,12218,7135,5083,254.15,Late,0.23,0,No,58,None,2023-01-01,2023-01-02
941,122064334,9471,5865,3606,180.3,On-Time,0.22,25,No,66,None,2023-01-01,2023-01-02
942,248899044,5863,3236,2627,131.35,Late,0.2,35,No,76,None,2023-01-01,2023-01-02
943,616725588,13693,12784,909,45.45,Very Late,0.12,15,No,96,None,2023-01-01,2023-01-02
944,698552461,4177,3805,372,18.6,Very Late,0.14,0,No,51,None,2023-01-01,2023-01-02
945,976515905,7760,7399,361,18.05,Late,0.15,35,No,85,None,2023-01-01,2023-01-02
946,336415050,3011,2919,92,4.6,Very Late,0.14,15,No,68,UDAAP,2023-01-01,2023-01-02
947,757778790,19353,18009,1344,67.2,Late,0.18,35,No,66,None,2023-01-01,2023-01-02
948,685711013,14556,14233,323,16.15,Very Late,0.18,0,No,54,None,2023-01-01,2023-01-02
949,603643839,14563,12132,2431,121.55,On-Time,0.15,0,No,88,None,2023-01-01,2023-01-02
950,162468859,17051,12381,4670,233.5,On-Time,0.15,35,Yes,67,None,2023-01-01,2023-01-02
951,532020261,14022,9191,4831,241.55,Late,0.22,25,No,56,None,2023-01-01,2023-01-02
952,564233777,11234,8450,2784,139.2,Late,0.22,35,No,66,None,2023-01-01,2023-01-02
953,486193505,19173,9766,9407,470.35,Late,0.15,15,No,88,None,2023-01-01,2023-01-02
954,686882897,16178,14483,1695,84.75,Very Late,0.24,25,No,85,None,2023-01-01,2023-01-02
955,710933533,9570,7663,1907,95.35,Late,0.24,15,No,89,None,2023-01-01,2023-01-02
956,335431246,3406,2688,718,35.9,On-Time,0.15,35,No,94,None,2023-01-01,2023-01-02
957,905198682,12206,11426,780,39.0,Very Late,0.15,25,No,53,None,2023-01-01,2023-01-02
958,490850994,7431,6412,1019,50.95,Late,0.18,15,No,87,None,2023-01-01,2023-01-02
959,762106558,9542,6277,3265,163.25,Very Late,0.24,35,No,74,None,2023-01-01,2023-01-02
960,522004019,11906,10503,1403,70.15,Very Late,0.23,35,No,54,None,2023-01-01,2023-01-02
961,303780344,7146,5720,1426,71.3,Late,0.12,25,No,79,None,2023-01-01,2023-01-02
962,160084389,15046,14383,663,33.15,Very Late,0.16,35,No,61,None,2023-01-01,2023-01-02
963,962903776,15611,9743,5868,293.4,On-Time,0.18,0,No,53,Late Fee Issues,2023-01-01,2023-01-02
964,244538583,16076,13429,2647,132.35,On-Time,0.18,15,Yes,73,None,2023-01-01,2023-01-02
965,789218894,19524,19514,10,0.5,Very Late,0.13,15,No,78,None,2023-01-01,2023-01-02
966,729396475,7882,5648,2234,111.7,Late,0.23,35,No,58,None,2023-01-01,2023-01-02
967,305984285,17113,14288,2825,141.25,Very Late,0.2,35,No,53,UDAAP,2023-01-01,2023-01-02
968,624358390,16645,9181,7464,373.2,On-Time,0.23,0,No,73,None,2023-01-01,2023-01-02
969,201370985,9012,6009,3003,150.15,Very Late,0.23,25,No,63,None,2023-01-01,2023-01-02
970,582598450,10151,5471,4680,234.0,Very Late,0.21,35,No,54,None,2023-01-01,2023-01-02
971,948865360,6610,5535,1075,53.75,On-Time,0.17,35,No,67,None,2023-01-01,2023-01-02
972,956934532,12884,9796,3088,154.4,Very Late,0.19,35,No,91,None,2023-01-01,2023-01-02
973,299594780,9894,8105,1789,89.45,Very Late,0.12,35,No,68,None,2023-01-01,2023-01-02
974,731675779,16467,13431,3036,151.8,Late,0.2,15,No,61,TILA,2023-01-01,2023-01-02
975,999137673,19489,12112,7377,368.85,Late,0.13,35,No,67,UDAAP,2023-01-01,2023-01-02
976,858438071,12873,8035,4838,241.9,On-Time,0.2,15,No,66,None,2023-01-01,2023-01-02
977,495529616,15289,9417,5872,293.6,On-Time,0.13,35,No,79,None,2023-01-01,2023-01-02
978,181251088,15208,11555,3653,182.65,On-Time,0.12,25,No,73,TILA,2023-01-01,2023-01-02
979,135409403,13828,10653,3175,158.75,Late,0.12,0,No,60,None,2023-01-01,2023-01-02
980,384481363,5137,4934,203,10.15,On-Time,0.1,25,No,84,None,2023-01-01,2023-01-02
981,998231255,4286,3210,1076,53.8,On-Time,0.21,35,No,72,None,2023-01-01,2023-01-02
982,296972612,18710,17737,973,48.65,On-Time,0.21,35,No,66,None,2023-01-01,2023-01-02
983,618856453,14371,7288,7083,354.15,Late,0.18,35,No,50,None,2023-01-01,2023-01-02
984,518387393,18945,13451,5494,274.7,Very Late,0.12,25,Yes,64,None,2023-01-01,2023-01-02
985,438235596,10052,8187,1865,93.25,On-Time,0.11,35,No,81,None,2023-01-01,2023-01-02
986,998209917,6654,3529,3125,156.25,Very Late,0.1,25,No,58,None,2023-01-01,2023-01-02
987,672952298,18600,15194,3406,170.3,On-Time,0.12,15,No,64,None,2023-01-01,2023-01-02
988,442093866,11636,6486,5150,257.5,Very Late,0.23,0,Yes,77,None,2023-01-01,2023-01-02
989,493261002,9441,8283,1158,57.9,Late,0.14,0,No,73,Late Fee Issues,2023-01-01,2023-01-02
990,425830514,12667,9538,3129,156.45,Late,0.15,25,No,84,None,2023-01-01,2023-01-02
991,260045166,15149,15045,104,5.2,On-Time,0.12,15,No,71,None,2023-01-01,2023-01-02
992,653534200,4798,4546,252,12.6,Very Late,0.13,25,No,76,TILA,2023-01-01,2023-01-02
993,649952694,12600,8210,4390,219.5,Late,0.18,15,No,68,TILA,2023-01-01,2023-01-02
994,464067663,8495,7314,1181,59.05,On-Time,0.19,35,Yes,94,None,2023-01-01,2023-01-02
995,752417118,12900,8256,4644,232.2,On-Time,0.14,15,No,61,None,2023-01-01,2023-01-02
996,745535690,16673,10800,5873,293.65,Late,0.11,15,No,69,None,2023-01-01,2023-01-02
997,696258165,14130,9736,4394,219.7,Late,0.16,15,No,50,Late Fee Issues,2023-01-01,2023-01-02
998,948975759,18222,14688,3534,176.7,On-Time,0.14,0,No,70,UDAAP,2023-01-01,2023-01-02
999,705052423,4300,2552,1748,87.4,Very Late,0.13,15,No,98,Late Fee Issues,2023-01-01,2023-01-02
1000,873383043,12435,6496,5939,296.95,Very Late,0.24,35,No,94,None,2023-01-01,2023-01-02
